source_video,frame_number,timestamp_seconds,marker_raw_present,marker_raw_confidence,power_adapter_raw_present,power_adapter_raw_confidence,marker_stable_present,power_adapter_stable_present,marker_window_positive_count,power_adapter_window_positive_count,temporal_window_frames,minimum_positive_frames
T_20260715_015858_798765.mp4,0,0.0,False,0.0,True,0.331076,False,True,0,1,5,3
T_20260715_015858_798765.mp4,1,0.033333,False,0.0,True,0.291795,False,True,0,2,5,3
T_20260715_015858_798765.mp4,2,0.066667,False,0.0,True,0.30986,False,True,0,3,5,3
T_20260715_015858_798765.mp4,3,0.1,False,0.0,True,0.301281,False,True,0,4,5,3
T_20260715_015858_798765.mp4,4,0.133333,False,0.0,True,0.2985,False,True,0,5,5,3
T_20260715_015858_798765.mp4,5,0.166667,False,0.0,True,0.311471,False,True,0,5,5,3
T_20260715_015858_798765.mp4,6,0.2,False,0.0,True,0.327188,False,True,0,5,5,3
T_20260715_015858_798765.mp4,7,0.233333,False,0.0,True,0.314952,False,True,0,5,5,3
T_20260715_015858_798765.mp4,8,0.266667,False,0.0,True,0.308537,False,True,0,5,5,3
T_20260715_015858_798765.mp4,9,0.3,False,0.0,True,0.30522,False,True,0,5,5,3
T_20260715_015858_798765.mp4,10,0.333333,False,0.0,True,0.324631,False,True,0,5,5,3
T_20260715_015858_798765.mp4,11,0.366667,False,0.0,True,0.333869,False,True,0,5,5,3
T_20260715_015858_798765.mp4,12,0.4,False,0.0,True,0.323673,False,True,0,5,5,3
T_20260715_015858_798765.mp4,13,0.433333,False,0.0,True,0.301726,False,True,0,5,5,3
T_20260715_015858_798765.mp4,14,0.466667,False,0.0,True,0.33643,False,True,0,5,5,3
T_20260715_015858_798765.mp4,15,0.5,False,0.0,True,0.333926,False,True,0,5,5,3
T_20260715_015858_798765.mp4,16,0.533333,False,0.0,True,0.345397,False,True,0,5,5,3
T_20260715_015858_798765.mp4,17,0.566667,False,0.0,True,0.332155,False,True,0,5,5,3
T_20260715_015858_798765.mp4,18,0.6,False,0.0,True,0.3358,False,True,0,5,5,3
T_20260715_015858_798765.mp4,19,0.633333,False,0.0,True,0.323008,False,True,0,5,5,3
T_20260715_015858_798765.mp4,20,0.666667,False,0.0,True,0.332793,False,True,0,5,5,3
T_20260715_015858_798765.mp4,21,0.7,False,0.0,True,0.335467,False,True,0,5,5,3
T_20260715_015858_798765.mp4,22,0.733333,False,0.0,True,0.348768,False,True,0,5,5,3
T_20260715_015858_798765.mp4,23,0.766667,False,0.0,True,0.337869,False,True,0,5,5,3
T_20260715_015858_798765.mp4,24,0.8,False,0.0,True,0.301677,False,True,0,5,5,3
T_20260715_015858_798765.mp4,25,0.833333,False,0.0,True,0.332906,False,True,0,5,5,3
T_20260715_015858_798765.mp4,26,0.866667,False,0.0,True,0.339128,False,True,0,5,5,3
T_20260715_015858_798765.mp4,27,0.9,False,0.0,True,0.321664,False,True,0,5,5,3
T_20260715_015858_798765.mp4,28,0.933333,False,0.0,True,0.314299,False,True,0,5,5,3
T_20260715_015858_798765.mp4,29,0.966667,False,0.0,True,0.308881,False,True,0,5,5,3
T_20260715_015858_798765.mp4,30,1.0,False,0.0,True,0.317617,False,True,0,5,5,3
T_20260715_015858_798765.mp4,31,1.033333,False,0.0,True,0.31947,False,True,0,5,5,3
T_20260715_015858_798765.mp4,32,1.066667,False,0.0,True,0.324878,False,True,0,5,5,3
T_20260715_015858_798765.mp4,33,1.1,False,0.0,True,0.313046,False,True,0,5,5,3
T_20260715_015858_798765.mp4,34,1.133333,False,0.0,True,0.311704,False,True,0,5,5,3
T_20260715_015858_798765.mp4,35,1.166667,False,0.0,True,0.295326,False,True,0,5,5,3
T_20260715_015858_798765.mp4,36,1.2,False,0.0,True,0.315988,False,True,0,5,5,3
T_20260715_015858_798765.mp4,37,1.233333,False,0.0,True,0.321248,False,True,0,5,5,3
T_20260715_015858_798765.mp4,38,1.266667,False,0.0,True,0.315141,False,True,0,5,5,3
T_20260715_015858_798765.mp4,39,1.3,False,0.0,True,0.330777,False,True,0,5,5,3
T_20260715_015858_798765.mp4,40,1.333333,False,0.0,True,0.322976,False,True,0,5,5,3
T_20260715_015858_798765.mp4,41,1.366667,False,0.0,True,0.313282,False,True,0,5,5,3
T_20260715_015858_798765.mp4,42,1.4,False,0.0,True,0.27048,False,True,0,5,5,3
T_20260715_015858_798765.mp4,43,1.433333,False,0.0,False,0.0,False,True,0,4,5,3
T_20260715_015858_798765.mp4,44,1.466667,False,0.0,False,0.0,False,True,0,3,5,3
T_20260715_015858_798765.mp4,45,1.5,False,0.0,True,0.265648,False,True,0,3,5,3
T_20260715_015858_798765.mp4,46,1.533333,False,0.0,True,0.256918,False,True,0,3,5,3
T_20260715_015858_798765.mp4,47,1.566667,False,0.0,True,0.262445,False,True,0,3,5,3
T_20260715_015858_798765.mp4,48,1.6,False,0.0,True,0.258251,False,True,0,4,5,3
T_20260715_015858_798765.mp4,49,1.633333,False,0.0,True,0.291484,False,True,0,5,5,3
T_20260715_015858_798765.mp4,50,1.666667,False,0.0,True,0.259452,False,True,0,5,5,3
T_20260715_015858_798765.mp4,51,1.7,False,0.0,False,0.0,False,True,0,4,5,3
T_20260715_015858_798765.mp4,52,1.733333,False,0.0,False,0.0,False,True,0,3,5,3
T_20260715_015858_798765.mp4,53,1.766667,False,0.0,False,0.0,False,False,0,2,5,3
T_20260715_015858_798765.mp4,54,1.8,False,0.0,False,0.0,False,False,0,1,5,3
T_20260715_015858_798765.mp4,55,1.833333,False,0.0,False,0.0,False,False,0,0,5,3
T_20260715_015858_798765.mp4,56,1.866667,False,0.0,False,0.0,False,False,0,0,5,3
T_20260715_015858_798765.mp4,57,1.9,False,0.0,False,0.0,False,False,0,0,5,3
T_20260715_015858_798765.mp4,58,1.933333,False,0.0,False,0.0,False,False,0,0,5,3
T_20260715_015858_798765.mp4,59,1.966667,False,0.0,False,0.0,False,False,0,0,5,3
T_20260715_015858_798765.mp4,60,2.0,False,0.0,False,0.0,False,False,0,0,5,3
T_20260715_015858_798765.mp4,61,2.033333,False,0.0,False,0.0,False,False,0,0,5,3
T_20260715_015858_798765.mp4,62,2.066667,False,0.0,False,0.0,False,False,0,0,5,3
T_20260715_015858_798765.mp4,63,2.1,False,0.0,False,0.0,False,False,0,0,5,3
T_20260715_015858_798765.mp4,64,2.133333,False,0.0,False,0.0,False,False,0,0,5,3
T_20260715_015858_798765.mp4,65,2.166667,False,0.0,False,0.0,False,False,0,0,5,3
T_20260715_015858_798765.mp4,66,2.2,False,0.0,False,0.0,False,False,0,0,5,3
T_20260715_015858_798765.mp4,67,2.233333,False,0.0,False,0.0,False,False,0,0,5,3
T_20260715_015858_798765.mp4,68,2.266667,False,0.0,False,0.0,False,False,0,0,5,3
T_20260715_015858_798765.mp4,69,2.3,False,0.0,False,0.0,False,False,0,0,5,3
T_20260715_015858_798765.mp4,70,2.333333,False,0.0,False,0.0,False,False,0,0,5,3
T_20260715_015858_798765.mp4,71,2.366667,False,0.0,False,0.0,False,False,0,0,5,3
T_20260715_015858_798765.mp4,72,2.4,False,0.0,False,0.0,False,False,0,0,5,3
T_20260715_015858_798765.mp4,73,2.433333,False,0.0,False,0.0,False,False,0,0,5,3
T_20260715_015858_798765.mp4,74,2.466667,False,0.0,False,0.0,False,False,0,0,5,3
T_20260715_015858_798765.mp4,75,2.5,False,0.0,False,0.0,False,False,0,0,5,3
T_20260715_015858_798765.mp4,76,2.533333,False,0.0,False,0.0,False,False,0,0,5,3
T_20260715_015858_798765.mp4,77,2.566667,False,0.0,False,0.0,False,False,0,0,5,3
T_20260715_015858_798765.mp4,78,2.6,False,0.0,False,0.0,False,False,0,0,5,3
T_20260715_015858_798765.mp4,79,2.633333,False,0.0,False,0.0,False,False,0,0,5,3
T_20260715_015858_798765.mp4,80,2.666667,False,0.0,False,0.0,False,False,0,0,5,3
T_20260715_015858_798765.mp4,81,2.7,False,0.0,True,0.338697,False,False,0,1,5,3
T_20260715_015858_798765.mp4,82,2.733333,False,0.0,True,0.316424,False,False,0,2,5,3
T_20260715_015858_798765.mp4,83,2.766667,False,0.0,True,0.384967,False,True,0,3,5,3
T_20260715_015858_798765.mp4,84,2.8,False,0.0,True,0.389196,False,True,0,4,5,3
T_20260715_015858_798765.mp4,85,2.833333,False,0.0,True,0.362376,False,True,0,5,5,3
T_20260715_015858_798765.mp4,86,2.866667,False,0.0,True,0.312727,False,True,0,5,5,3
T_20260715_015858_798765.mp4,87,2.9,False,0.0,True,0.254436,False,True,0,5,5,3
T_20260715_015858_798765.mp4,88,2.933333,False,0.0,True,0.262099,False,True,0,5,5,3
T_20260715_015858_798765.mp4,89,2.966667,False,0.0,False,0.0,False,True,0,4,5,3
T_20260715_015858_798765.mp4,90,3.0,False,0.0,True,0.264747,False,True,0,4,5,3
T_20260715_015858_798765.mp4,91,3.033333,False,0.0,True,0.344419,False,True,0,4,5,3
T_20260715_015858_798765.mp4,92,3.066667,False,0.0,True,0.304877,False,True,0,4,5,3
T_20260715_015858_798765.mp4,93,3.1,False,0.0,True,0.46241,False,True,0,4,5,3
T_20260715_015858_798765.mp4,94,3.133333,False,0.0,True,0.552236,False,True,0,5,5,3
T_20260715_015858_798765.mp4,95,3.166667,False,0.0,True,0.444909,False,True,0,5,5,3
T_20260715_015858_798765.mp4,96,3.2,False,0.0,True,0.356868,False,True,0,5,5,3
T_20260715_015858_798765.mp4,97,3.233333,False,0.0,True,0.336213,False,True,0,5,5,3
T_20260715_015858_798765.mp4,98,3.266667,False,0.0,True,0.404835,False,True,0,5,5,3
T_20260715_015858_798765.mp4,99,3.3,False,0.0,True,0.32361,False,True,0,5,5,3
T_20260715_015858_798765.mp4,100,3.333333,False,0.0,True,0.363348,False,True,0,5,5,3
T_20260715_015858_798765.mp4,101,3.366667,False,0.0,True,0.340023,False,True,0,5,5,3
T_20260715_015858_798765.mp4,102,3.4,False,0.0,True,0.393998,False,True,0,5,5,3
T_20260715_015858_798765.mp4,103,3.433333,False,0.0,True,0.256461,False,True,0,5,5,3
T_20260715_015858_798765.mp4,104,3.466667,False,0.0,False,0.0,False,True,0,4,5,3
T_20260715_015858_798765.mp4,105,3.5,False,0.0,True,0.282002,False,True,0,4,5,3
T_20260715_015858_798765.mp4,106,3.533333,False,0.0,True,0.303605,False,True,0,4,5,3
T_20260715_015858_798765.mp4,107,3.566667,False,0.0,True,0.310937,False,True,0,4,5,3
T_20260715_015858_798765.mp4,108,3.6,False,0.0,True,0.328982,False,True,0,4,5,3
T_20260715_015858_798765.mp4,109,3.633333,False,0.0,True,0.376212,False,True,0,5,5,3
T_20260715_015858_798765.mp4,110,3.666667,False,0.0,True,0.366168,False,True,0,5,5,3
T_20260715_015858_798765.mp4,111,3.7,False,0.0,True,0.395516,False,True,0,5,5,3
T_20260715_015858_798765.mp4,112,3.733333,False,0.0,True,0.416473,False,True,0,5,5,3
T_20260715_015858_798765.mp4,113,3.766667,False,0.0,True,0.469952,False,True,0,5,5,3
T_20260715_015858_798765.mp4,114,3.8,False,0.0,True,0.497675,False,True,0,5,5,3
T_20260715_015858_798765.mp4,115,3.833333,False,0.0,True,0.500891,False,True,0,5,5,3
T_20260715_015858_798765.mp4,116,3.866667,False,0.0,True,0.551246,False,True,0,5,5,3
T_20260715_015858_798765.mp4,117,3.9,False,0.0,True,0.578513,False,True,0,5,5,3
T_20260715_015858_798765.mp4,118,3.933333,False,0.0,True,0.453048,False,True,0,5,5,3
T_20260715_015858_798765.mp4,119,3.966667,False,0.0,True,0.43948,False,True,0,5,5,3
T_20260715_015858_798765.mp4,120,4.0,False,0.0,True,0.466232,False,True,0,5,5,3
T_20260715_015858_798765.mp4,121,4.033333,False,0.0,True,0.448225,False,True,0,5,5,3
T_20260715_015858_798765.mp4,122,4.066667,False,0.0,True,0.424498,False,True,0,5,5,3
T_20260715_015858_798765.mp4,123,4.1,False,0.0,True,0.459677,False,True,0,5,5,3
T_20260715_015858_798765.mp4,124,4.133333,False,0.0,True,0.49411,False,True,0,5,5,3
T_20260715_015858_798765.mp4,125,4.166667,False,0.0,True,0.533939,False,True,0,5,5,3
T_20260715_015858_798765.mp4,126,4.2,False,0.0,True,0.605953,False,True,0,5,5,3
T_20260715_015858_798765.mp4,127,4.233333,False,0.0,True,0.591107,False,True,0,5,5,3
T_20260715_015858_798765.mp4,128,4.266667,False,0.0,True,0.58614,False,True,0,5,5,3
T_20260715_015858_798765.mp4,129,4.3,False,0.0,True,0.609391,False,True,0,5,5,3
T_20260715_015858_798765.mp4,130,4.333333,False,0.0,True,0.606721,False,True,0,5,5,3
T_20260715_015858_798765.mp4,131,4.366667,False,0.0,True,0.627463,False,True,0,5,5,3
T_20260715_015858_798765.mp4,132,4.4,False,0.0,True,0.578478,False,True,0,5,5,3
T_20260715_015858_798765.mp4,133,4.433333,False,0.0,True,0.533969,False,True,0,5,5,3
T_20260715_015858_798765.mp4,134,4.466667,False,0.0,True,0.542394,False,True,0,5,5,3
T_20260715_015858_798765.mp4,135,4.5,False,0.0,True,0.545273,False,True,0,5,5,3
T_20260715_015858_798765.mp4,136,4.533333,False,0.0,True,0.499237,False,True,0,5,5,3
T_20260715_015858_798765.mp4,137,4.566667,False,0.0,True,0.489512,False,True,0,5,5,3
T_20260715_015858_798765.mp4,138,4.6,False,0.0,True,0.503177,False,True,0,5,5,3
T_20260715_015858_798765.mp4,139,4.633333,False,0.0,True,0.538826,False,True,0,5,5,3
T_20260715_015858_798765.mp4,140,4.666667,False,0.0,True,0.523843,False,True,0,5,5,3
T_20260715_015858_798765.mp4,141,4.7,False,0.0,True,0.502661,False,True,0,5,5,3
T_20260715_015858_798765.mp4,142,4.733333,False,0.0,True,0.398734,False,True,0,5,5,3
T_20260715_015858_798765.mp4,143,4.766667,False,0.0,True,0.338538,False,True,0,5,5,3
T_20260715_015858_798765.mp4,144,4.8,False,0.0,False,0.0,False,True,0,4,5,3
T_20260715_015858_798765.mp4,145,4.833333,False,0.0,False,0.0,False,True,0,3,5,3
T_20260715_015858_798765.mp4,146,4.866667,False,0.0,False,0.0,False,False,0,2,5,3
T_20260715_015858_798765.mp4,147,4.9,False,0.0,True,0.253728,False,False,0,2,5,3
T_20260715_015858_798765.mp4,148,4.933333,False,0.0,True,0.26216,False,False,0,2,5,3
T_20260715_015858_798765.mp4,149,4.966667,False,0.0,False,0.0,False,False,0,2,5,3
T_20260715_015858_798765.mp4,150,5.0,False,0.0,True,0.263043,False,True,0,3,5,3
T_20260715_015858_798765.mp4,151,5.033333,False,0.0,False,0.0,False,True,0,3,5,3
T_20260715_015858_798765.mp4,152,5.066667,False,0.0,False,0.0,False,False,0,2,5,3
T_20260715_015858_798765.mp4,153,5.1,False,0.0,False,0.0,False,False,0,1,5,3
T_20260715_015858_798765.mp4,154,5.133333,False,0.0,True,0.257013,False,False,0,2,5,3
T_20260715_015858_798765.mp4,155,5.166667,False,0.0,True,0.250266,False,False,0,2,5,3
T_20260715_015858_798765.mp4,156,5.2,False,0.0,False,0.0,False,False,0,2,5,3
T_20260715_015858_798765.mp4,157,5.233333,False,0.0,False,0.0,False,False,0,2,5,3
T_20260715_015858_798765.mp4,158,5.266667,False,0.0,False,0.0,False,False,0,2,5,3
T_20260715_015858_798765.mp4,159,5.3,False,0.0,False,0.0,False,False,0,1,5,3
T_20260715_015858_798765.mp4,160,5.333333,False,0.0,False,0.0,False,False,0,0,5,3
T_20260715_015858_798765.mp4,161,5.366667,False,0.0,False,0.0,False,False,0,0,5,3
T_20260715_015858_798765.mp4,162,5.4,False,0.0,False,0.0,False,False,0,0,5,3
T_20260715_015858_798765.mp4,163,5.433333,False,0.0,False,0.0,False,False,0,0,5,3
T_20260715_015858_798765.mp4,164,5.466667,False,0.0,False,0.0,False,False,0,0,5,3
T_20260715_015858_798765.mp4,165,5.5,False,0.0,False,0.0,False,False,0,0,5,3
T_20260715_015858_798765.mp4,166,5.533333,False,0.0,False,0.0,False,False,0,0,5,3
T_20260715_015858_798765.mp4,167,5.566667,False,0.0,False,0.0,False,False,0,0,5,3
T_20260715_015858_798765.mp4,168,5.6,False,0.0,False,0.0,False,False,0,0,5,3
T_20260715_015858_798765.mp4,169,5.633333,False,0.0,True,0.250231,False,False,0,1,5,3
T_20260715_015858_798765.mp4,170,5.666667,False,0.0,False,0.0,False,False,0,1,5,3
T_20260715_015858_798765.mp4,171,5.7,False,0.0,False,0.0,False,False,0,1,5,3
T_20260715_015858_798765.mp4,172,5.733333,False,0.0,False,0.0,False,False,0,1,5,3
T_20260715_015858_798765.mp4,173,5.766667,False,0.0,False,0.0,False,False,0,1,5,3
T_20260715_015858_798765.mp4,174,5.8,False,0.0,False,0.0,False,False,0,0,5,3
T_20260715_015858_798765.mp4,175,5.833333,False,0.0,False,0.0,False,False,0,0,5,3
T_20260715_015858_798765.mp4,176,5.866667,False,0.0,False,0.0,False,False,0,0,5,3
T_20260715_015858_798765.mp4,177,5.9,False,0.0,False,0.0,False,False,0,0,5,3
T_20260715_015858_798765.mp4,178,5.933333,False,0.0,True,0.269037,False,False,0,1,5,3
T_20260715_015858_798765.mp4,179,5.966667,False,0.0,False,0.0,False,False,0,1,5,3
T_20260715_015858_798765.mp4,180,6.0,False,0.0,False,0.0,False,False,0,1,5,3
T_20260715_015858_798765.mp4,181,6.033333,False,0.0,False,0.0,False,False,0,1,5,3
T_20260715_015858_798765.mp4,182,6.066667,False,0.0,False,0.0,False,False,0,1,5,3
T_20260715_015858_798765.mp4,183,6.1,False,0.0,True,0.251269,False,False,0,1,5,3
T_20260715_015858_798765.mp4,184,6.133333,False,0.0,False,0.0,False,False,0,1,5,3
T_20260715_015858_798765.mp4,185,6.166667,False,0.0,False,0.0,False,False,0,1,5,3
T_20260715_015858_798765.mp4,186,6.2,False,0.0,False,0.0,False,False,0,1,5,3
T_20260715_015858_798765.mp4,187,6.233333,False,0.0,False,0.0,False,False,0,1,5,3
T_20260715_015858_798765.mp4,188,6.266667,False,0.0,False,0.0,False,False,0,0,5,3
T_20260715_015858_798765.mp4,189,6.3,False,0.0,False,0.0,False,False,0,0,5,3
T_20260715_015858_798765.mp4,190,6.333333,False,0.0,False,0.0,False,False,0,0,5,3
T_20260715_015858_798765.mp4,191,6.366667,False,0.0,False,0.0,False,False,0,0,5,3
T_20260715_015858_798765.mp4,192,6.4,False,0.0,False,0.0,False,False,0,0,5,3
T_20260715_015858_798765.mp4,193,6.433333,False,0.0,False,0.0,False,False,0,0,5,3
T_20260715_015858_798765.mp4,194,6.466667,False,0.0,False,0.0,False,False,0,0,5,3
T_20260715_015858_798765.mp4,195,6.5,False,0.0,False,0.0,False,False,0,0,5,3
T_20260715_015858_798765.mp4,196,6.533333,False,0.0,False,0.0,False,False,0,0,5,3
T_20260715_015858_798765.mp4,197,6.566667,False,0.0,False,0.0,False,False,0,0,5,3
T_20260715_015858_798765.mp4,198,6.6,False,0.0,True,0.26308,False,False,0,1,5,3
T_20260715_015858_798765.mp4,199,6.633333,False,0.0,True,0.264488,False,False,0,2,5,3
T_20260715_015858_798765.mp4,200,6.666667,False,0.0,True,0.268663,False,True,0,3,5,3
T_20260715_015858_798765.mp4,201,6.7,False,0.0,True,0.268207,False,True,0,4,5,3
T_20260715_015858_798765.mp4,202,6.733333,False,0.0,True,0.2873,False,True,0,5,5,3
T_20260715_015858_798765.mp4,203,6.766667,False,0.0,True,0.270656,False,True,0,5,5,3
T_20260715_015858_798765.mp4,204,6.8,False,0.0,False,0.0,False,True,0,4,5,3
T_20260715_015858_798765.mp4,205,6.833333,False,0.0,True,0.259729,False,True,0,4,5,3
T_20260715_015858_798765.mp4,206,6.866667,False,0.0,True,0.261298,False,True,0,4,5,3
T_20260715_015858_798765.mp4,207,6.9,False,0.0,False,0.0,False,True,0,3,5,3
T_20260715_015858_798765.mp4,208,6.933333,False,0.0,True,0.258619,False,True,0,3,5,3
T_20260715_015858_798765.mp4,209,6.966667,False,0.0,True,0.267027,False,True,0,4,5,3
T_20260715_015858_798765.mp4,210,7.0,False,0.0,True,0.28149,False,True,0,4,5,3
T_20260715_015858_798765.mp4,211,7.033333,False,0.0,True,0.268901,False,True,0,4,5,3
T_20260715_015858_798765.mp4,212,7.066667,False,0.0,True,0.273188,False,True,0,5,5,3
T_20260715_015858_798765.mp4,213,7.1,False,0.0,True,0.260937,False,True,0,5,5,3
T_20260715_015858_798765.mp4,214,7.133333,False,0.0,False,0.0,False,True,0,4,5,3
T_20260715_015858_798765.mp4,215,7.166667,False,0.0,False,0.0,False,True,0,3,5,3
T_20260715_015858_798765.mp4,216,7.2,False,0.0,False,0.0,False,False,0,2,5,3
T_20260715_015858_798765.mp4,217,7.233333,False,0.0,True,0.26238,False,False,0,2,5,3
T_20260715_015858_798765.mp4,218,7.266667,False,0.0,False,0.0,False,False,0,1,5,3
T_20260715_015858_798765.mp4,219,7.3,False,0.0,True,0.270999,False,False,0,2,5,3
T_20260715_015858_798765.mp4,220,7.333333,False,0.0,True,0.266573,False,True,0,3,5,3
T_20260715_015858_798765.mp4,221,7.366667,False,0.0,True,0.282243,False,True,0,4,5,3
T_20260715_015858_798765.mp4,222,7.4,False,0.0,True,0.267283,False,True,0,4,5,3
T_20260715_015858_798765.mp4,223,7.433333,False,0.0,True,0.267088,False,True,0,5,5,3
T_20260715_015858_798765.mp4,224,7.466667,False,0.0,True,0.265139,False,True,0,5,5,3
T_20260715_015858_798765.mp4,225,7.5,False,0.0,True,0.272335,False,True,0,5,5,3
T_20260715_015858_798765.mp4,226,7.533333,False,0.0,True,0.272765,False,True,0,5,5,3
T_20260715_015858_798765.mp4,227,7.566667,False,0.0,True,0.264674,False,True,0,5,5,3
T_20260715_015858_798765.mp4,228,7.6,False,0.0,False,0.0,False,True,0,4,5,3
T_20260715_015858_798765.mp4,229,7.633333,False,0.0,False,0.0,False,True,0,3,5,3
T_20260715_015858_798765.mp4,230,7.666667,False,0.0,False,0.0,False,False,0,2,5,3
T_20260715_015858_798765.mp4,231,7.7,False,0.0,True,0.253082,False,False,0,2,5,3
T_20260715_015858_798765.mp4,232,7.733333,False,0.0,False,0.0,False,False,0,1,5,3
T_20260715_015858_798765.mp4,233,7.766667,False,0.0,False,0.0,False,False,0,1,5,3
T_20260715_015858_798765.mp4,234,7.8,False,0.0,False,0.0,False,False,0,1,5,3
T_20260715_015858_798765.mp4,235,7.833333,False,0.0,False,0.0,False,False,0,1,5,3
T_20260715_015858_798765.mp4,236,7.866667,False,0.0,False,0.0,False,False,0,0,5,3
T_20260715_015858_798765.mp4,237,7.9,False,0.0,True,0.256604,False,False,0,1,5,3
T_20260715_015858_798765.mp4,238,7.933333,False,0.0,False,0.0,False,False,0,1,5,3
T_20260715_015858_798765.mp4,239,7.966667,False,0.0,False,0.0,False,False,0,1,5,3
T_20260715_015858_798765.mp4,240,8.0,False,0.0,True,0.256968,False,False,0,2,5,3
T_20260715_015858_798765.mp4,241,8.033333,False,0.0,False,0.0,False,False,0,2,5,3
T_20260715_015858_798765.mp4,242,8.066667,False,0.0,True,0.253157,False,False,0,2,5,3
T_20260715_015858_798765.mp4,243,8.1,False,0.0,True,0.251962,False,True,0,3,5,3
T_20260715_015858_798765.mp4,244,8.133333,False,0.0,True,0.254049,False,True,0,4,5,3
T_20260715_015858_798765.mp4,245,8.166667,False,0.0,False,0.0,False,True,0,3,5,3
T_20260715_015858_798765.mp4,246,8.2,False,0.0,True,0.259538,False,True,0,4,5,3
T_20260715_015858_798765.mp4,247,8.233333,False,0.0,True,0.270264,False,True,0,4,5,3
T_20260715_015858_798765.mp4,248,8.266667,False,0.0,True,0.281907,False,True,0,4,5,3
T_20260715_015858_798765.mp4,249,8.3,False,0.0,True,0.25553,False,True,0,4,5,3
T_20260715_015858_798765.mp4,250,8.333333,False,0.0,True,0.262586,False,True,0,5,5,3
T_20260715_015858_798765.mp4,251,8.366667,False,0.0,True,0.269473,False,True,0,5,5,3
T_20260715_015858_798765.mp4,252,8.4,False,0.0,True,0.272857,False,True,0,5,5,3
T_20260715_015858_798765.mp4,253,8.433333,False,0.0,True,0.289657,False,True,0,5,5,3
T_20260715_015858_798765.mp4,254,8.466667,False,0.0,True,0.296146,False,True,0,5,5,3
T_20260715_015858_798765.mp4,255,8.5,False,0.0,True,0.291912,False,True,0,5,5,3
T_20260715_015858_798765.mp4,256,8.533333,False,0.0,True,0.294495,False,True,0,5,5,3
T_20260715_015858_798765.mp4,257,8.566667,False,0.0,True,0.293403,False,True,0,5,5,3
T_20260715_015858_798765.mp4,258,8.6,False,0.0,True,0.299736,False,True,0,5,5,3
T_20260715_015858_798765.mp4,259,8.633333,False,0.0,True,0.290366,False,True,0,5,5,3
T_20260715_015858_798765.mp4,260,8.666667,False,0.0,True,0.309077,False,True,0,5,5,3
T_20260715_015858_798765.mp4,261,8.7,False,0.0,True,0.30687,False,True,0,5,5,3
T_20260715_015858_798765.mp4,262,8.733333,False,0.0,True,0.29543,False,True,0,5,5,3
T_20260715_015858_798765.mp4,263,8.766667,False,0.0,True,0.290106,False,True,0,5,5,3
T_20260715_015858_798765.mp4,264,8.8,False,0.0,False,0.0,False,True,0,4,5,3
T_20260715_015858_798765.mp4,265,8.833333,False,0.0,False,0.0,False,True,0,3,5,3
T_20260715_015858_798765.mp4,266,8.866667,False,0.0,True,0.25237,False,True,0,3,5,3
T_20260715_015858_798765.mp4,267,8.9,False,0.0,True,0.258841,False,True,0,3,5,3
T_20260715_015858_798765.mp4,268,8.933333,False,0.0,True,0.260241,False,True,0,3,5,3
T_20260715_015858_798765.mp4,269,8.966667,False,0.0,False,0.0,False,True,0,3,5,3
T_20260715_015858_798765.mp4,270,9.0,False,0.0,False,0.0,False,True,0,3,5,3
T_20260715_015858_798765.mp4,271,9.033333,False,0.0,True,0.265107,False,True,0,3,5,3
T_20260715_015858_798765.mp4,272,9.066667,False,0.0,True,0.252659,False,True,0,3,5,3
T_20260715_015858_798765.mp4,273,9.1,False,0.0,True,0.264089,False,True,0,3,5,3
T_20260715_015858_798765.mp4,274,9.133333,False,0.0,False,0.0,False,True,0,3,5,3
