source_video,frame_number,timestamp_seconds,marker_stable_present,power_adapter_stable_present,assembly_state,state_changed,previous_state,current_state_duration_frames,current_state_duration_seconds
T_20260712_200418_666396.mp4,0,0.0,True,True,BOTH_PRESENT,False,,1,0.0
T_20260712_200418_666396.mp4,1,0.033333,True,True,BOTH_PRESENT,False,BOTH_PRESENT,2,0.033333
T_20260712_200418_666396.mp4,2,0.066667,True,True,BOTH_PRESENT,False,BOTH_PRESENT,3,0.066667
T_20260712_200418_666396.mp4,3,0.1,True,True,BOTH_PRESENT,False,BOTH_PRESENT,4,0.1
T_20260712_200418_666396.mp4,4,0.133333,True,True,BOTH_PRESENT,False,BOTH_PRESENT,5,0.133333
T_20260712_200418_666396.mp4,5,0.166667,True,True,BOTH_PRESENT,False,BOTH_PRESENT,6,0.166667
T_20260712_200418_666396.mp4,6,0.2,True,True,BOTH_PRESENT,False,BOTH_PRESENT,7,0.2
T_20260712_200418_666396.mp4,7,0.233333,True,True,BOTH_PRESENT,False,BOTH_PRESENT,8,0.233333
T_20260712_200418_666396.mp4,8,0.266667,True,True,BOTH_PRESENT,False,BOTH_PRESENT,9,0.266667
T_20260712_200418_666396.mp4,9,0.3,True,True,BOTH_PRESENT,False,BOTH_PRESENT,10,0.3
T_20260712_200418_666396.mp4,10,0.333333,True,True,BOTH_PRESENT,False,BOTH_PRESENT,11,0.333333
T_20260712_200418_666396.mp4,11,0.366667,True,True,BOTH_PRESENT,False,BOTH_PRESENT,12,0.366667
T_20260712_200418_666396.mp4,12,0.4,True,True,BOTH_PRESENT,False,BOTH_PRESENT,13,0.4
T_20260712_200418_666396.mp4,13,0.433333,True,True,BOTH_PRESENT,False,BOTH_PRESENT,14,0.433333
T_20260712_200418_666396.mp4,14,0.466667,True,True,BOTH_PRESENT,False,BOTH_PRESENT,15,0.466667
T_20260712_200418_666396.mp4,15,0.5,True,True,BOTH_PRESENT,False,BOTH_PRESENT,16,0.5
T_20260712_200418_666396.mp4,16,0.533333,True,True,BOTH_PRESENT,False,BOTH_PRESENT,17,0.533333
T_20260712_200418_666396.mp4,17,0.566667,True,True,BOTH_PRESENT,False,BOTH_PRESENT,18,0.566667
T_20260712_200418_666396.mp4,18,0.6,True,True,BOTH_PRESENT,False,BOTH_PRESENT,19,0.6
T_20260712_200418_666396.mp4,19,0.633333,True,True,BOTH_PRESENT,False,BOTH_PRESENT,20,0.633333
T_20260712_200418_666396.mp4,20,0.666667,True,True,BOTH_PRESENT,False,BOTH_PRESENT,21,0.666667
T_20260712_200418_666396.mp4,21,0.7,True,True,BOTH_PRESENT,False,BOTH_PRESENT,22,0.7
T_20260712_200418_666396.mp4,22,0.733333,True,True,BOTH_PRESENT,False,BOTH_PRESENT,23,0.733333
T_20260712_200418_666396.mp4,23,0.766667,True,True,BOTH_PRESENT,False,BOTH_PRESENT,24,0.766667
T_20260712_200418_666396.mp4,24,0.8,True,True,BOTH_PRESENT,False,BOTH_PRESENT,25,0.8
T_20260712_200418_666396.mp4,25,0.833333,True,True,BOTH_PRESENT,False,BOTH_PRESENT,26,0.833333
T_20260712_200418_666396.mp4,26,0.866667,True,True,BOTH_PRESENT,False,BOTH_PRESENT,27,0.866667
T_20260712_200418_666396.mp4,27,0.9,True,True,BOTH_PRESENT,False,BOTH_PRESENT,28,0.9
T_20260712_200418_666396.mp4,28,0.933333,True,True,BOTH_PRESENT,False,BOTH_PRESENT,29,0.933333
T_20260712_200418_666396.mp4,29,0.966667,True,True,BOTH_PRESENT,False,BOTH_PRESENT,30,0.966667
T_20260712_200418_666396.mp4,30,1.0,True,True,BOTH_PRESENT,False,BOTH_PRESENT,31,1.0
T_20260712_200418_666396.mp4,31,1.033333,True,True,BOTH_PRESENT,False,BOTH_PRESENT,32,1.033333
T_20260712_200418_666396.mp4,32,1.066667,True,True,BOTH_PRESENT,False,BOTH_PRESENT,33,1.066667
T_20260712_200418_666396.mp4,33,1.1,True,True,BOTH_PRESENT,False,BOTH_PRESENT,34,1.1
T_20260712_200418_666396.mp4,34,1.133333,True,True,BOTH_PRESENT,False,BOTH_PRESENT,35,1.133333
T_20260712_200418_666396.mp4,35,1.166667,True,True,BOTH_PRESENT,False,BOTH_PRESENT,36,1.166667
T_20260712_200418_666396.mp4,36,1.2,True,True,BOTH_PRESENT,False,BOTH_PRESENT,37,1.2
T_20260712_200418_666396.mp4,37,1.233333,True,True,BOTH_PRESENT,False,BOTH_PRESENT,38,1.233333
T_20260712_200418_666396.mp4,38,1.266667,True,True,BOTH_PRESENT,False,BOTH_PRESENT,39,1.266667
T_20260712_200418_666396.mp4,39,1.3,True,True,BOTH_PRESENT,False,BOTH_PRESENT,40,1.3
T_20260712_200418_666396.mp4,40,1.333333,True,True,BOTH_PRESENT,False,BOTH_PRESENT,41,1.333333
T_20260712_200418_666396.mp4,41,1.366667,True,True,BOTH_PRESENT,False,BOTH_PRESENT,42,1.366667
T_20260712_200418_666396.mp4,42,1.4,True,True,BOTH_PRESENT,False,BOTH_PRESENT,43,1.4
T_20260712_200418_666396.mp4,43,1.433333,True,True,BOTH_PRESENT,False,BOTH_PRESENT,44,1.433333
T_20260712_200418_666396.mp4,44,1.466667,True,True,BOTH_PRESENT,False,BOTH_PRESENT,45,1.466667
T_20260712_200418_666396.mp4,45,1.5,True,True,BOTH_PRESENT,False,BOTH_PRESENT,46,1.5
T_20260712_200418_666396.mp4,46,1.533333,True,True,BOTH_PRESENT,False,BOTH_PRESENT,47,1.533333
T_20260712_200418_666396.mp4,47,1.566667,True,True,BOTH_PRESENT,False,BOTH_PRESENT,48,1.566667
T_20260712_200418_666396.mp4,48,1.6,True,True,BOTH_PRESENT,False,BOTH_PRESENT,49,1.6
T_20260712_200418_666396.mp4,49,1.633333,True,True,BOTH_PRESENT,False,BOTH_PRESENT,50,1.633333
T_20260712_200418_666396.mp4,50,1.666667,True,True,BOTH_PRESENT,False,BOTH_PRESENT,51,1.666667
T_20260712_200418_666396.mp4,51,1.7,True,True,BOTH_PRESENT,False,BOTH_PRESENT,52,1.7
T_20260712_200418_666396.mp4,52,1.733333,True,True,BOTH_PRESENT,False,BOTH_PRESENT,53,1.733333
T_20260712_200418_666396.mp4,53,1.766667,True,True,BOTH_PRESENT,False,BOTH_PRESENT,54,1.766667
T_20260712_200418_666396.mp4,54,1.8,True,True,BOTH_PRESENT,False,BOTH_PRESENT,55,1.8
T_20260712_200418_666396.mp4,55,1.833333,True,True,BOTH_PRESENT,False,BOTH_PRESENT,56,1.833333
T_20260712_200418_666396.mp4,56,1.866667,True,True,BOTH_PRESENT,False,BOTH_PRESENT,57,1.866667
T_20260712_200418_666396.mp4,57,1.9,True,True,BOTH_PRESENT,False,BOTH_PRESENT,58,1.9
T_20260712_200418_666396.mp4,58,1.933333,True,True,BOTH_PRESENT,False,BOTH_PRESENT,59,1.933333
T_20260712_200418_666396.mp4,59,1.966667,True,True,BOTH_PRESENT,False,BOTH_PRESENT,60,1.966667
T_20260712_200418_666396.mp4,60,2.0,True,True,BOTH_PRESENT,False,BOTH_PRESENT,61,2.0
T_20260712_200418_666396.mp4,61,2.033333,True,True,BOTH_PRESENT,False,BOTH_PRESENT,62,2.033333
T_20260712_200418_666396.mp4,62,2.066667,True,True,BOTH_PRESENT,False,BOTH_PRESENT,63,2.066667
T_20260712_200418_666396.mp4,63,2.1,True,True,BOTH_PRESENT,False,BOTH_PRESENT,64,2.1
T_20260712_200418_666396.mp4,64,2.133333,True,True,BOTH_PRESENT,False,BOTH_PRESENT,65,2.133333
T_20260712_200418_666396.mp4,65,2.166667,True,True,BOTH_PRESENT,False,BOTH_PRESENT,66,2.166667
T_20260712_200418_666396.mp4,66,2.2,True,True,BOTH_PRESENT,False,BOTH_PRESENT,67,2.2
T_20260712_200418_666396.mp4,67,2.233333,True,True,BOTH_PRESENT,False,BOTH_PRESENT,68,2.233333
T_20260712_200418_666396.mp4,68,2.266667,True,True,BOTH_PRESENT,False,BOTH_PRESENT,69,2.266667
T_20260712_200418_666396.mp4,69,2.3,True,True,BOTH_PRESENT,False,BOTH_PRESENT,70,2.3
T_20260712_200418_666396.mp4,70,2.333333,True,True,BOTH_PRESENT,False,BOTH_PRESENT,71,2.333333
T_20260712_200418_666396.mp4,71,2.366667,True,True,BOTH_PRESENT,False,BOTH_PRESENT,72,2.366667
T_20260712_200418_666396.mp4,72,2.4,True,True,BOTH_PRESENT,False,BOTH_PRESENT,73,2.4
T_20260712_200418_666396.mp4,73,2.433333,True,True,BOTH_PRESENT,False,BOTH_PRESENT,74,2.433333
T_20260712_200418_666396.mp4,74,2.466667,True,True,BOTH_PRESENT,False,BOTH_PRESENT,75,2.466667
T_20260712_200418_666396.mp4,75,2.5,True,True,BOTH_PRESENT,False,BOTH_PRESENT,76,2.5
T_20260712_200418_666396.mp4,76,2.533333,True,True,BOTH_PRESENT,False,BOTH_PRESENT,77,2.533333
T_20260712_200418_666396.mp4,77,2.566667,True,True,BOTH_PRESENT,False,BOTH_PRESENT,78,2.566667
T_20260712_200418_666396.mp4,78,2.6,True,True,BOTH_PRESENT,False,BOTH_PRESENT,79,2.6
T_20260712_200418_666396.mp4,79,2.633333,True,True,BOTH_PRESENT,False,BOTH_PRESENT,80,2.633333
T_20260712_200418_666396.mp4,80,2.666667,True,True,BOTH_PRESENT,False,BOTH_PRESENT,81,2.666667
T_20260712_200418_666396.mp4,81,2.7,True,True,BOTH_PRESENT,False,BOTH_PRESENT,82,2.7
T_20260712_200418_666396.mp4,82,2.733333,True,True,BOTH_PRESENT,False,BOTH_PRESENT,83,2.733333
T_20260712_200418_666396.mp4,83,2.766667,True,True,BOTH_PRESENT,False,BOTH_PRESENT,84,2.766667
T_20260712_200418_666396.mp4,84,2.8,True,True,BOTH_PRESENT,False,BOTH_PRESENT,85,2.8
T_20260712_200418_666396.mp4,85,2.833333,True,True,BOTH_PRESENT,False,BOTH_PRESENT,86,2.833333
T_20260712_200418_666396.mp4,86,2.866667,True,True,BOTH_PRESENT,False,BOTH_PRESENT,87,2.866667
T_20260712_200418_666396.mp4,87,2.9,True,True,BOTH_PRESENT,False,BOTH_PRESENT,88,2.9
T_20260712_200418_666396.mp4,88,2.933333,True,True,BOTH_PRESENT,False,BOTH_PRESENT,89,2.933333
T_20260712_200418_666396.mp4,89,2.966667,True,True,BOTH_PRESENT,False,BOTH_PRESENT,90,2.966667
T_20260712_200418_666396.mp4,90,3.0,True,True,BOTH_PRESENT,False,BOTH_PRESENT,91,3.0
T_20260712_200418_666396.mp4,91,3.033333,True,True,BOTH_PRESENT,False,BOTH_PRESENT,92,3.033333
T_20260712_200418_666396.mp4,92,3.066667,True,True,BOTH_PRESENT,False,BOTH_PRESENT,93,3.066667
T_20260712_200418_666396.mp4,93,3.1,True,True,BOTH_PRESENT,False,BOTH_PRESENT,94,3.1
T_20260712_200418_666396.mp4,94,3.133333,True,True,BOTH_PRESENT,False,BOTH_PRESENT,95,3.133333
T_20260712_200418_666396.mp4,95,3.166667,True,True,BOTH_PRESENT,False,BOTH_PRESENT,96,3.166667
T_20260712_200418_666396.mp4,96,3.2,True,True,BOTH_PRESENT,False,BOTH_PRESENT,97,3.2
T_20260712_200418_666396.mp4,97,3.233333,True,True,BOTH_PRESENT,False,BOTH_PRESENT,98,3.233333
T_20260712_200418_666396.mp4,98,3.266667,True,True,BOTH_PRESENT,False,BOTH_PRESENT,99,3.266667
T_20260712_200418_666396.mp4,99,3.3,True,True,BOTH_PRESENT,False,BOTH_PRESENT,100,3.3
T_20260712_200418_666396.mp4,100,3.333333,True,True,BOTH_PRESENT,False,BOTH_PRESENT,101,3.333333
T_20260712_200418_666396.mp4,101,3.366667,True,True,BOTH_PRESENT,False,BOTH_PRESENT,102,3.366667
T_20260712_200418_666396.mp4,102,3.4,True,True,BOTH_PRESENT,False,BOTH_PRESENT,103,3.4
T_20260712_200418_666396.mp4,103,3.433333,True,True,BOTH_PRESENT,False,BOTH_PRESENT,104,3.433333
T_20260712_200418_666396.mp4,104,3.466667,True,True,BOTH_PRESENT,False,BOTH_PRESENT,105,3.466667
T_20260712_200418_666396.mp4,105,3.5,True,True,BOTH_PRESENT,False,BOTH_PRESENT,106,3.5
T_20260712_200418_666396.mp4,106,3.533333,True,True,BOTH_PRESENT,False,BOTH_PRESENT,107,3.533333
T_20260712_200418_666396.mp4,107,3.566667,True,True,BOTH_PRESENT,False,BOTH_PRESENT,108,3.566667
T_20260712_200418_666396.mp4,108,3.6,True,True,BOTH_PRESENT,False,BOTH_PRESENT,109,3.6
T_20260712_200418_666396.mp4,109,3.633333,True,True,BOTH_PRESENT,False,BOTH_PRESENT,110,3.633333
T_20260712_200418_666396.mp4,110,3.666667,True,True,BOTH_PRESENT,False,BOTH_PRESENT,111,3.666667
T_20260712_200418_666396.mp4,111,3.7,True,True,BOTH_PRESENT,False,BOTH_PRESENT,112,3.7
T_20260712_200418_666396.mp4,112,3.733333,True,True,BOTH_PRESENT,False,BOTH_PRESENT,113,3.733333
T_20260712_200418_666396.mp4,113,3.766667,True,True,BOTH_PRESENT,False,BOTH_PRESENT,114,3.766667
T_20260712_200418_666396.mp4,114,3.8,True,True,BOTH_PRESENT,False,BOTH_PRESENT,115,3.8
T_20260712_200418_666396.mp4,115,3.833333,True,True,BOTH_PRESENT,False,BOTH_PRESENT,116,3.833333
T_20260712_200418_666396.mp4,116,3.866667,True,True,BOTH_PRESENT,False,BOTH_PRESENT,117,3.866667
T_20260712_200418_666396.mp4,117,3.9,True,True,BOTH_PRESENT,False,BOTH_PRESENT,118,3.9
T_20260712_200418_666396.mp4,118,3.933333,True,True,BOTH_PRESENT,False,BOTH_PRESENT,119,3.933333
T_20260712_200418_666396.mp4,119,3.966667,True,True,BOTH_PRESENT,False,BOTH_PRESENT,120,3.966667
T_20260712_200418_666396.mp4,120,4.0,True,True,BOTH_PRESENT,False,BOTH_PRESENT,121,4.0
T_20260712_200418_666396.mp4,121,4.033333,True,True,BOTH_PRESENT,False,BOTH_PRESENT,122,4.033333
T_20260712_200418_666396.mp4,122,4.066667,True,True,BOTH_PRESENT,False,BOTH_PRESENT,123,4.066667
T_20260712_200418_666396.mp4,123,4.1,True,True,BOTH_PRESENT,False,BOTH_PRESENT,124,4.1
T_20260712_200418_666396.mp4,124,4.133333,True,True,BOTH_PRESENT,False,BOTH_PRESENT,125,4.133333
T_20260712_200418_666396.mp4,125,4.166667,True,True,BOTH_PRESENT,False,BOTH_PRESENT,126,4.166667
T_20260712_200418_666396.mp4,126,4.2,True,True,BOTH_PRESENT,False,BOTH_PRESENT,127,4.2
T_20260712_200418_666396.mp4,127,4.233333,True,True,BOTH_PRESENT,False,BOTH_PRESENT,128,4.233333
T_20260712_200418_666396.mp4,128,4.266667,True,True,BOTH_PRESENT,False,BOTH_PRESENT,129,4.266667
T_20260712_200418_666396.mp4,129,4.3,True,True,BOTH_PRESENT,False,BOTH_PRESENT,130,4.3
T_20260712_200418_666396.mp4,130,4.333333,True,True,BOTH_PRESENT,False,BOTH_PRESENT,131,4.333333
T_20260712_200418_666396.mp4,131,4.366667,True,True,BOTH_PRESENT,False,BOTH_PRESENT,132,4.366667
T_20260712_200418_666396.mp4,132,4.4,True,True,BOTH_PRESENT,False,BOTH_PRESENT,133,4.4
T_20260712_200418_666396.mp4,133,4.433333,True,True,BOTH_PRESENT,False,BOTH_PRESENT,134,4.433333
T_20260712_200418_666396.mp4,134,4.466667,True,True,BOTH_PRESENT,False,BOTH_PRESENT,135,4.466667
T_20260712_200418_666396.mp4,135,4.5,True,True,BOTH_PRESENT,False,BOTH_PRESENT,136,4.5
T_20260712_200418_666396.mp4,136,4.533333,True,True,BOTH_PRESENT,False,BOTH_PRESENT,137,4.533333
T_20260712_200418_666396.mp4,137,4.566667,True,True,BOTH_PRESENT,False,BOTH_PRESENT,138,4.566667
T_20260712_200418_666396.mp4,138,4.6,True,True,BOTH_PRESENT,False,BOTH_PRESENT,139,4.6
T_20260712_200418_666396.mp4,139,4.633333,True,True,BOTH_PRESENT,False,BOTH_PRESENT,140,4.633333
T_20260712_200418_666396.mp4,140,4.666667,True,True,BOTH_PRESENT,False,BOTH_PRESENT,141,4.666667
T_20260712_200418_666396.mp4,141,4.7,True,True,BOTH_PRESENT,False,BOTH_PRESENT,142,4.7
T_20260712_200418_666396.mp4,142,4.733333,True,True,BOTH_PRESENT,False,BOTH_PRESENT,143,4.733333
T_20260712_200418_666396.mp4,143,4.766667,True,True,BOTH_PRESENT,False,BOTH_PRESENT,144,4.766667
T_20260712_200418_666396.mp4,144,4.8,True,True,BOTH_PRESENT,False,BOTH_PRESENT,145,4.8
T_20260712_200418_666396.mp4,145,4.833333,True,True,BOTH_PRESENT,False,BOTH_PRESENT,146,4.833333
T_20260712_200418_666396.mp4,146,4.866667,True,True,BOTH_PRESENT,False,BOTH_PRESENT,147,4.866667
T_20260712_200418_666396.mp4,147,4.9,True,True,BOTH_PRESENT,False,BOTH_PRESENT,148,4.9
T_20260712_200418_666396.mp4,148,4.933333,True,True,BOTH_PRESENT,False,BOTH_PRESENT,149,4.933333
T_20260712_200418_666396.mp4,149,4.966667,True,True,BOTH_PRESENT,False,BOTH_PRESENT,150,4.966667
T_20260712_200418_666396.mp4,150,5.0,True,True,BOTH_PRESENT,False,BOTH_PRESENT,151,5.0
T_20260712_200418_666396.mp4,151,5.033333,True,True,BOTH_PRESENT,False,BOTH_PRESENT,152,5.033333
T_20260712_200418_666396.mp4,152,5.066667,True,True,BOTH_PRESENT,False,BOTH_PRESENT,153,5.066667
T_20260712_200418_666396.mp4,153,5.1,True,True,BOTH_PRESENT,False,BOTH_PRESENT,154,5.1
T_20260712_200418_666396.mp4,154,5.133333,True,True,BOTH_PRESENT,False,BOTH_PRESENT,155,5.133333
T_20260712_200418_666396.mp4,155,5.166667,True,True,BOTH_PRESENT,False,BOTH_PRESENT,156,5.166667
T_20260712_200418_666396.mp4,156,5.2,True,True,BOTH_PRESENT,False,BOTH_PRESENT,157,5.2
T_20260712_200418_666396.mp4,157,5.233333,True,True,BOTH_PRESENT,False,BOTH_PRESENT,158,5.233333
T_20260712_200418_666396.mp4,158,5.266667,True,True,BOTH_PRESENT,False,BOTH_PRESENT,159,5.266667
T_20260712_200418_666396.mp4,159,5.3,True,True,BOTH_PRESENT,False,BOTH_PRESENT,160,5.3
T_20260712_200418_666396.mp4,160,5.333333,True,True,BOTH_PRESENT,False,BOTH_PRESENT,161,5.333333
T_20260712_200418_666396.mp4,161,5.366667,True,True,BOTH_PRESENT,False,BOTH_PRESENT,162,5.366667
T_20260712_200418_666396.mp4,162,5.4,True,True,BOTH_PRESENT,False,BOTH_PRESENT,163,5.4
T_20260712_200418_666396.mp4,163,5.433333,True,True,BOTH_PRESENT,False,BOTH_PRESENT,164,5.433333
T_20260712_200418_666396.mp4,164,5.466667,True,True,BOTH_PRESENT,False,BOTH_PRESENT,165,5.466667
T_20260712_200418_666396.mp4,165,5.5,True,True,BOTH_PRESENT,False,BOTH_PRESENT,166,5.5
T_20260712_200418_666396.mp4,166,5.533333,True,True,BOTH_PRESENT,False,BOTH_PRESENT,167,5.533333
T_20260712_200418_666396.mp4,167,5.566667,True,True,BOTH_PRESENT,False,BOTH_PRESENT,168,5.566667
T_20260712_200418_666396.mp4,168,5.6,True,True,BOTH_PRESENT,False,BOTH_PRESENT,169,5.6
T_20260712_200418_666396.mp4,169,5.633333,True,True,BOTH_PRESENT,False,BOTH_PRESENT,170,5.633333
T_20260712_200418_666396.mp4,170,5.666667,True,True,BOTH_PRESENT,False,BOTH_PRESENT,171,5.666667
T_20260712_200418_666396.mp4,171,5.7,True,True,BOTH_PRESENT,False,BOTH_PRESENT,172,5.7
T_20260712_200418_666396.mp4,172,5.733333,True,True,BOTH_PRESENT,False,BOTH_PRESENT,173,5.733333
T_20260712_200418_666396.mp4,173,5.766667,True,True,BOTH_PRESENT,False,BOTH_PRESENT,174,5.766667
T_20260712_200418_666396.mp4,174,5.8,True,True,BOTH_PRESENT,False,BOTH_PRESENT,175,5.8
T_20260712_200418_666396.mp4,175,5.833333,True,True,BOTH_PRESENT,False,BOTH_PRESENT,176,5.833333
T_20260712_200418_666396.mp4,176,5.866667,True,True,BOTH_PRESENT,False,BOTH_PRESENT,177,5.866667
T_20260712_200418_666396.mp4,177,5.9,True,True,BOTH_PRESENT,False,BOTH_PRESENT,178,5.9
T_20260712_200418_666396.mp4,178,5.933333,True,True,BOTH_PRESENT,False,BOTH_PRESENT,179,5.933333
T_20260712_200418_666396.mp4,179,5.966667,True,True,BOTH_PRESENT,False,BOTH_PRESENT,180,5.966667
T_20260712_200418_666396.mp4,180,6.0,True,True,BOTH_PRESENT,False,BOTH_PRESENT,181,6.0
T_20260712_200418_666396.mp4,181,6.033333,True,True,BOTH_PRESENT,False,BOTH_PRESENT,182,6.033333
T_20260712_200418_666396.mp4,182,6.066667,True,True,BOTH_PRESENT,False,BOTH_PRESENT,183,6.066667
T_20260712_200418_666396.mp4,183,6.1,True,True,BOTH_PRESENT,False,BOTH_PRESENT,184,6.1
T_20260712_200418_666396.mp4,184,6.133333,True,True,BOTH_PRESENT,False,BOTH_PRESENT,185,6.133333
T_20260712_200418_666396.mp4,185,6.166667,True,True,BOTH_PRESENT,False,BOTH_PRESENT,186,6.166667
T_20260712_200418_666396.mp4,186,6.2,True,True,BOTH_PRESENT,False,BOTH_PRESENT,187,6.2
T_20260712_200418_666396.mp4,187,6.233333,True,True,BOTH_PRESENT,False,BOTH_PRESENT,188,6.233333
T_20260712_200418_666396.mp4,188,6.266667,True,True,BOTH_PRESENT,False,BOTH_PRESENT,189,6.266667
T_20260712_200418_666396.mp4,189,6.3,True,True,BOTH_PRESENT,False,BOTH_PRESENT,190,6.3
T_20260712_200418_666396.mp4,190,6.333333,True,True,BOTH_PRESENT,False,BOTH_PRESENT,191,6.333333
T_20260712_200418_666396.mp4,191,6.366667,True,True,BOTH_PRESENT,False,BOTH_PRESENT,192,6.366667
T_20260712_200418_666396.mp4,192,6.4,True,True,BOTH_PRESENT,False,BOTH_PRESENT,193,6.4
T_20260712_200418_666396.mp4,193,6.433333,True,True,BOTH_PRESENT,False,BOTH_PRESENT,194,6.433333
T_20260712_200418_666396.mp4,194,6.466667,True,True,BOTH_PRESENT,False,BOTH_PRESENT,195,6.466667
T_20260712_200418_666396.mp4,195,6.5,True,True,BOTH_PRESENT,False,BOTH_PRESENT,196,6.5
T_20260712_200418_666396.mp4,196,6.533333,True,True,BOTH_PRESENT,False,BOTH_PRESENT,197,6.533333
T_20260712_200418_666396.mp4,197,6.566667,True,True,BOTH_PRESENT,False,BOTH_PRESENT,198,6.566667
T_20260712_200418_666396.mp4,198,6.6,True,True,BOTH_PRESENT,False,BOTH_PRESENT,199,6.6
T_20260712_200418_666396.mp4,199,6.633333,True,True,BOTH_PRESENT,False,BOTH_PRESENT,200,6.633333
T_20260712_200418_666396.mp4,200,6.666667,True,True,BOTH_PRESENT,False,BOTH_PRESENT,201,6.666667
T_20260712_200418_666396.mp4,201,6.7,True,True,BOTH_PRESENT,False,BOTH_PRESENT,202,6.7
T_20260712_200418_666396.mp4,202,6.733333,True,True,BOTH_PRESENT,False,BOTH_PRESENT,203,6.733333
T_20260712_200418_666396.mp4,203,6.766667,True,True,BOTH_PRESENT,False,BOTH_PRESENT,204,6.766667
T_20260712_200418_666396.mp4,204,6.8,True,True,BOTH_PRESENT,False,BOTH_PRESENT,205,6.8
T_20260712_200418_666396.mp4,205,6.833333,True,True,BOTH_PRESENT,False,BOTH_PRESENT,206,6.833333
T_20260712_200418_666396.mp4,206,6.866667,True,True,BOTH_PRESENT,False,BOTH_PRESENT,207,6.866667
T_20260712_200418_666396.mp4,207,6.9,True,True,BOTH_PRESENT,False,BOTH_PRESENT,208,6.9
T_20260712_200418_666396.mp4,208,6.933333,True,True,BOTH_PRESENT,False,BOTH_PRESENT,209,6.933333
T_20260712_200418_666396.mp4,209,6.966667,True,True,BOTH_PRESENT,False,BOTH_PRESENT,210,6.966667
T_20260712_200418_666396.mp4,210,7.0,True,True,BOTH_PRESENT,False,BOTH_PRESENT,211,7.0
T_20260712_200418_666396.mp4,211,7.033333,True,True,BOTH_PRESENT,False,BOTH_PRESENT,212,7.033333
T_20260712_200418_666396.mp4,212,7.066667,True,True,BOTH_PRESENT,False,BOTH_PRESENT,213,7.066667
T_20260712_200418_666396.mp4,213,7.1,True,True,BOTH_PRESENT,False,BOTH_PRESENT,214,7.1
T_20260712_200418_666396.mp4,214,7.133333,True,True,BOTH_PRESENT,False,BOTH_PRESENT,215,7.133333
T_20260712_200418_666396.mp4,215,7.166667,True,True,BOTH_PRESENT,False,BOTH_PRESENT,216,7.166667
T_20260712_200418_666396.mp4,216,7.2,True,True,BOTH_PRESENT,False,BOTH_PRESENT,217,7.2
T_20260712_200418_666396.mp4,217,7.233333,True,True,BOTH_PRESENT,False,BOTH_PRESENT,218,7.233333
T_20260712_200418_666396.mp4,218,7.266667,True,True,BOTH_PRESENT,False,BOTH_PRESENT,219,7.266667
T_20260712_200418_666396.mp4,219,7.3,True,True,BOTH_PRESENT,False,BOTH_PRESENT,220,7.3
T_20260712_200418_666396.mp4,220,7.333333,True,True,BOTH_PRESENT,False,BOTH_PRESENT,221,7.333333
T_20260712_200418_666396.mp4,221,7.366667,True,True,BOTH_PRESENT,False,BOTH_PRESENT,222,7.366667
T_20260712_200418_666396.mp4,222,7.4,True,True,BOTH_PRESENT,False,BOTH_PRESENT,223,7.4
T_20260712_200418_666396.mp4,223,7.433333,True,True,BOTH_PRESENT,False,BOTH_PRESENT,224,7.433333
T_20260712_200418_666396.mp4,224,7.466667,True,True,BOTH_PRESENT,False,BOTH_PRESENT,225,7.466667
T_20260712_200418_666396.mp4,225,7.5,True,True,BOTH_PRESENT,False,BOTH_PRESENT,226,7.5
T_20260712_200418_666396.mp4,226,7.533333,True,True,BOTH_PRESENT,False,BOTH_PRESENT,227,7.533333
T_20260712_200418_666396.mp4,227,7.566667,True,True,BOTH_PRESENT,False,BOTH_PRESENT,228,7.566667
T_20260712_200418_666396.mp4,228,7.6,True,True,BOTH_PRESENT,False,BOTH_PRESENT,229,7.6
T_20260712_200418_666396.mp4,229,7.633333,True,True,BOTH_PRESENT,False,BOTH_PRESENT,230,7.633333
T_20260712_200418_666396.mp4,230,7.666667,True,True,BOTH_PRESENT,False,BOTH_PRESENT,231,7.666667
T_20260712_200418_666396.mp4,231,7.7,True,True,BOTH_PRESENT,False,BOTH_PRESENT,232,7.7
T_20260712_200418_666396.mp4,232,7.733333,True,True,BOTH_PRESENT,False,BOTH_PRESENT,233,7.733333
T_20260712_200418_666396.mp4,233,7.766667,True,True,BOTH_PRESENT,False,BOTH_PRESENT,234,7.766667
T_20260712_200418_666396.mp4,234,7.8,True,True,BOTH_PRESENT,False,BOTH_PRESENT,235,7.8
T_20260712_200418_666396.mp4,235,7.833333,True,True,BOTH_PRESENT,False,BOTH_PRESENT,236,7.833333
T_20260712_200418_666396.mp4,236,7.866667,False,True,POWER_ADAPTER_ONLY,True,BOTH_PRESENT,1,0.0
T_20260712_200418_666396.mp4,237,7.9,False,True,POWER_ADAPTER_ONLY,False,POWER_ADAPTER_ONLY,2,0.033333
T_20260712_200418_666396.mp4,238,7.933333,False,True,POWER_ADAPTER_ONLY,False,POWER_ADAPTER_ONLY,3,0.066666
T_20260712_200418_666396.mp4,239,7.966667,False,True,POWER_ADAPTER_ONLY,False,POWER_ADAPTER_ONLY,4,0.1
T_20260712_200418_666396.mp4,240,8.0,False,True,POWER_ADAPTER_ONLY,False,POWER_ADAPTER_ONLY,5,0.133333
T_20260712_200418_666396.mp4,241,8.033333,False,True,POWER_ADAPTER_ONLY,False,POWER_ADAPTER_ONLY,6,0.166666
T_20260712_200418_666396.mp4,242,8.066667,False,True,POWER_ADAPTER_ONLY,False,POWER_ADAPTER_ONLY,7,0.2
T_20260712_200418_666396.mp4,243,8.1,False,True,POWER_ADAPTER_ONLY,False,POWER_ADAPTER_ONLY,8,0.233333
T_20260712_200418_666396.mp4,244,8.133333,False,True,POWER_ADAPTER_ONLY,False,POWER_ADAPTER_ONLY,9,0.266666
T_20260712_200418_666396.mp4,245,8.166667,False,True,POWER_ADAPTER_ONLY,False,POWER_ADAPTER_ONLY,10,0.3
T_20260712_200418_666396.mp4,246,8.2,False,True,POWER_ADAPTER_ONLY,False,POWER_ADAPTER_ONLY,11,0.333333
T_20260712_200418_666396.mp4,247,8.233333,False,True,POWER_ADAPTER_ONLY,False,POWER_ADAPTER_ONLY,12,0.366666
T_20260712_200418_666396.mp4,248,8.266667,False,True,POWER_ADAPTER_ONLY,False,POWER_ADAPTER_ONLY,13,0.4
T_20260712_200418_666396.mp4,249,8.3,False,True,POWER_ADAPTER_ONLY,False,POWER_ADAPTER_ONLY,14,0.433333
T_20260712_200418_666396.mp4,250,8.333333,False,True,POWER_ADAPTER_ONLY,False,POWER_ADAPTER_ONLY,15,0.466666
T_20260712_200418_666396.mp4,251,8.366667,True,True,BOTH_PRESENT,True,POWER_ADAPTER_ONLY,1,0.0
T_20260712_200418_666396.mp4,252,8.4,True,True,BOTH_PRESENT,False,BOTH_PRESENT,2,0.033333
T_20260712_200418_666396.mp4,253,8.433333,True,True,BOTH_PRESENT,False,BOTH_PRESENT,3,0.066666
T_20260712_200418_666396.mp4,254,8.466667,True,True,BOTH_PRESENT,False,BOTH_PRESENT,4,0.1
T_20260712_200418_666396.mp4,255,8.5,True,True,BOTH_PRESENT,False,BOTH_PRESENT,5,0.133333
T_20260712_200418_666396.mp4,256,8.533333,False,True,POWER_ADAPTER_ONLY,True,BOTH_PRESENT,1,0.0
T_20260712_200418_666396.mp4,257,8.566667,False,True,POWER_ADAPTER_ONLY,False,POWER_ADAPTER_ONLY,2,0.033334
T_20260712_200418_666396.mp4,258,8.6,False,True,POWER_ADAPTER_ONLY,False,POWER_ADAPTER_ONLY,3,0.066667
T_20260712_200418_666396.mp4,259,8.633333,False,True,POWER_ADAPTER_ONLY,False,POWER_ADAPTER_ONLY,4,0.1
T_20260712_200418_666396.mp4,260,8.666667,False,True,POWER_ADAPTER_ONLY,False,POWER_ADAPTER_ONLY,5,0.133334
T_20260712_200418_666396.mp4,261,8.7,False,True,POWER_ADAPTER_ONLY,False,POWER_ADAPTER_ONLY,6,0.166667
T_20260712_200418_666396.mp4,262,8.733333,False,True,POWER_ADAPTER_ONLY,False,POWER_ADAPTER_ONLY,7,0.2
T_20260712_200418_666396.mp4,263,8.766667,True,True,BOTH_PRESENT,True,POWER_ADAPTER_ONLY,1,0.0
T_20260712_200418_666396.mp4,264,8.8,True,True,BOTH_PRESENT,False,BOTH_PRESENT,2,0.033333
T_20260712_200418_666396.mp4,265,8.833333,True,True,BOTH_PRESENT,False,BOTH_PRESENT,3,0.066666
T_20260712_200418_666396.mp4,266,8.866667,True,True,BOTH_PRESENT,False,BOTH_PRESENT,4,0.1
T_20260712_200418_666396.mp4,267,8.9,True,True,BOTH_PRESENT,False,BOTH_PRESENT,5,0.133333
T_20260712_200418_666396.mp4,268,8.933333,True,True,BOTH_PRESENT,False,BOTH_PRESENT,6,0.166666
T_20260712_200418_666396.mp4,269,8.966667,True,True,BOTH_PRESENT,False,BOTH_PRESENT,7,0.2
T_20260712_200418_666396.mp4,270,9.0,True,True,BOTH_PRESENT,False,BOTH_PRESENT,8,0.233333
T_20260712_200418_666396.mp4,271,9.033333,True,True,BOTH_PRESENT,False,BOTH_PRESENT,9,0.266666
T_20260712_200418_666396.mp4,272,9.066667,True,True,BOTH_PRESENT,False,BOTH_PRESENT,10,0.3
T_20260712_200418_666396.mp4,273,9.1,True,True,BOTH_PRESENT,False,BOTH_PRESENT,11,0.333333
T_20260712_200418_666396.mp4,274,9.133333,True,True,BOTH_PRESENT,False,BOTH_PRESENT,12,0.366666
T_20260712_200418_666396.mp4,275,9.166667,True,True,BOTH_PRESENT,False,BOTH_PRESENT,13,0.4
T_20260712_200418_666396.mp4,276,9.2,True,True,BOTH_PRESENT,False,BOTH_PRESENT,14,0.433333
T_20260712_200418_666396.mp4,277,9.233333,True,True,BOTH_PRESENT,False,BOTH_PRESENT,15,0.466666
T_20260712_200418_666396.mp4,278,9.266667,True,True,BOTH_PRESENT,False,BOTH_PRESENT,16,0.5
T_20260712_200418_666396.mp4,279,9.3,True,True,BOTH_PRESENT,False,BOTH_PRESENT,17,0.533333
T_20260712_200418_666396.mp4,280,9.333333,True,True,BOTH_PRESENT,False,BOTH_PRESENT,18,0.566666
T_20260712_200418_666396.mp4,281,9.366667,True,True,BOTH_PRESENT,False,BOTH_PRESENT,19,0.6
T_20260712_200418_666396.mp4,282,9.4,True,True,BOTH_PRESENT,False,BOTH_PRESENT,20,0.633333
T_20260712_200418_666396.mp4,283,9.433333,True,True,BOTH_PRESENT,False,BOTH_PRESENT,21,0.666666
T_20260712_200418_666396.mp4,284,9.466667,True,True,BOTH_PRESENT,False,BOTH_PRESENT,22,0.7
T_20260712_200418_666396.mp4,285,9.5,True,True,BOTH_PRESENT,False,BOTH_PRESENT,23,0.733333
T_20260712_200418_666396.mp4,286,9.533333,True,True,BOTH_PRESENT,False,BOTH_PRESENT,24,0.766666
T_20260712_200418_666396.mp4,287,9.566667,True,True,BOTH_PRESENT,False,BOTH_PRESENT,25,0.8
T_20260712_200418_666396.mp4,288,9.6,True,True,BOTH_PRESENT,False,BOTH_PRESENT,26,0.833333
T_20260712_200418_666396.mp4,289,9.633333,True,True,BOTH_PRESENT,False,BOTH_PRESENT,27,0.866666
T_20260712_200418_666396.mp4,290,9.666667,True,True,BOTH_PRESENT,False,BOTH_PRESENT,28,0.9
T_20260712_200418_666396.mp4,291,9.7,True,True,BOTH_PRESENT,False,BOTH_PRESENT,29,0.933333
T_20260712_200418_666396.mp4,292,9.733333,True,True,BOTH_PRESENT,False,BOTH_PRESENT,30,0.966666
T_20260712_200418_666396.mp4,293,9.766667,True,True,BOTH_PRESENT,False,BOTH_PRESENT,31,1.0
T_20260712_200418_666396.mp4,294,9.8,True,True,BOTH_PRESENT,False,BOTH_PRESENT,32,1.033333
T_20260712_200418_666396.mp4,295,9.833333,True,True,BOTH_PRESENT,False,BOTH_PRESENT,33,1.066666
T_20260712_200418_666396.mp4,296,9.866667,True,True,BOTH_PRESENT,False,BOTH_PRESENT,34,1.1
T_20260712_200418_666396.mp4,297,9.9,True,True,BOTH_PRESENT,False,BOTH_PRESENT,35,1.133333
T_20260712_200418_666396.mp4,298,9.933333,True,True,BOTH_PRESENT,False,BOTH_PRESENT,36,1.166666
T_20260712_200418_666396.mp4,299,9.966667,True,True,BOTH_PRESENT,False,BOTH_PRESENT,37,1.2
T_20260712_200418_666396.mp4,300,10.0,True,True,BOTH_PRESENT,False,BOTH_PRESENT,38,1.233333
T_20260712_200418_666396.mp4,301,10.033333,True,True,BOTH_PRESENT,False,BOTH_PRESENT,39,1.266666
T_20260712_200418_666396.mp4,302,10.066667,True,True,BOTH_PRESENT,False,BOTH_PRESENT,40,1.3
T_20260712_200418_666396.mp4,303,10.1,True,True,BOTH_PRESENT,False,BOTH_PRESENT,41,1.333333
T_20260712_200418_666396.mp4,304,10.133333,True,True,BOTH_PRESENT,False,BOTH_PRESENT,42,1.366666
T_20260712_200418_666396.mp4,305,10.166667,True,True,BOTH_PRESENT,False,BOTH_PRESENT,43,1.4
T_20260712_200418_666396.mp4,306,10.2,True,True,BOTH_PRESENT,False,BOTH_PRESENT,44,1.433333
T_20260712_200418_666396.mp4,307,10.233333,True,True,BOTH_PRESENT,False,BOTH_PRESENT,45,1.466666
T_20260712_200418_666396.mp4,308,10.266667,True,True,BOTH_PRESENT,False,BOTH_PRESENT,46,1.5
T_20260712_200418_666396.mp4,309,10.3,True,True,BOTH_PRESENT,False,BOTH_PRESENT,47,1.533333
T_20260712_200418_666396.mp4,310,10.333333,True,True,BOTH_PRESENT,False,BOTH_PRESENT,48,1.566666
T_20260712_200418_666396.mp4,311,10.366667,True,True,BOTH_PRESENT,False,BOTH_PRESENT,49,1.6
T_20260712_200418_666396.mp4,312,10.4,True,True,BOTH_PRESENT,False,BOTH_PRESENT,50,1.633333
T_20260712_200418_666396.mp4,313,10.433333,True,True,BOTH_PRESENT,False,BOTH_PRESENT,51,1.666666
T_20260712_200418_666396.mp4,314,10.466667,True,True,BOTH_PRESENT,False,BOTH_PRESENT,52,1.7
T_20260712_200418_666396.mp4,315,10.5,True,True,BOTH_PRESENT,False,BOTH_PRESENT,53,1.733333
T_20260712_200418_666396.mp4,316,10.533333,True,True,BOTH_PRESENT,False,BOTH_PRESENT,54,1.766666
T_20260712_200418_666396.mp4,317,10.566667,True,True,BOTH_PRESENT,False,BOTH_PRESENT,55,1.8
T_20260712_200418_666396.mp4,318,10.6,True,True,BOTH_PRESENT,False,BOTH_PRESENT,56,1.833333
T_20260712_200418_666396.mp4,319,10.633333,True,True,BOTH_PRESENT,False,BOTH_PRESENT,57,1.866666
T_20260712_200418_666396.mp4,320,10.666667,True,True,BOTH_PRESENT,False,BOTH_PRESENT,58,1.9
T_20260712_200418_666396.mp4,321,10.7,True,True,BOTH_PRESENT,False,BOTH_PRESENT,59,1.933333
T_20260712_200418_666396.mp4,322,10.733333,True,True,BOTH_PRESENT,False,BOTH_PRESENT,60,1.966666
T_20260712_200418_666396.mp4,323,10.766667,True,True,BOTH_PRESENT,False,BOTH_PRESENT,61,2.0
T_20260712_200418_666396.mp4,324,10.8,True,True,BOTH_PRESENT,False,BOTH_PRESENT,62,2.033333
T_20260712_200418_666396.mp4,325,10.833333,True,True,BOTH_PRESENT,False,BOTH_PRESENT,63,2.066666
T_20260712_200418_666396.mp4,326,10.866667,True,True,BOTH_PRESENT,False,BOTH_PRESENT,64,2.1
T_20260712_200418_666396.mp4,327,10.9,True,True,BOTH_PRESENT,False,BOTH_PRESENT,65,2.133333
T_20260712_200418_666396.mp4,328,10.933333,False,True,POWER_ADAPTER_ONLY,True,BOTH_PRESENT,1,0.0
T_20260712_200418_666396.mp4,329,10.966667,False,True,POWER_ADAPTER_ONLY,False,POWER_ADAPTER_ONLY,2,0.033334
T_20260712_200418_666396.mp4,330,11.0,False,True,POWER_ADAPTER_ONLY,False,POWER_ADAPTER_ONLY,3,0.066667
T_20260712_200418_666396.mp4,331,11.033333,False,True,POWER_ADAPTER_ONLY,False,POWER_ADAPTER_ONLY,4,0.1
T_20260712_200418_666396.mp4,332,11.066667,True,True,BOTH_PRESENT,True,POWER_ADAPTER_ONLY,1,0.0
T_20260712_200418_666396.mp4,333,11.1,True,True,BOTH_PRESENT,False,BOTH_PRESENT,2,0.033333
T_20260712_200418_666396.mp4,334,11.133333,True,True,BOTH_PRESENT,False,BOTH_PRESENT,3,0.066666
T_20260712_200418_666396.mp4,335,11.166667,True,True,BOTH_PRESENT,False,BOTH_PRESENT,4,0.1
T_20260712_200418_666396.mp4,336,11.2,True,True,BOTH_PRESENT,False,BOTH_PRESENT,5,0.133333
T_20260712_200418_666396.mp4,337,11.233333,True,True,BOTH_PRESENT,False,BOTH_PRESENT,6,0.166666
T_20260712_200418_666396.mp4,338,11.266667,True,True,BOTH_PRESENT,False,BOTH_PRESENT,7,0.2
T_20260712_200418_666396.mp4,339,11.3,True,True,BOTH_PRESENT,False,BOTH_PRESENT,8,0.233333
T_20260712_200418_666396.mp4,340,11.333333,True,True,BOTH_PRESENT,False,BOTH_PRESENT,9,0.266666
T_20260712_200418_666396.mp4,341,11.366667,True,True,BOTH_PRESENT,False,BOTH_PRESENT,10,0.3
T_20260712_200418_666396.mp4,342,11.4,True,True,BOTH_PRESENT,False,BOTH_PRESENT,11,0.333333
T_20260712_200418_666396.mp4,343,11.433333,True,True,BOTH_PRESENT,False,BOTH_PRESENT,12,0.366666
T_20260712_200418_666396.mp4,344,11.466667,True,True,BOTH_PRESENT,False,BOTH_PRESENT,13,0.4
T_20260712_200418_666396.mp4,345,11.5,True,True,BOTH_PRESENT,False,BOTH_PRESENT,14,0.433333
T_20260712_200418_666396.mp4,346,11.533333,True,True,BOTH_PRESENT,False,BOTH_PRESENT,15,0.466666
T_20260712_200418_666396.mp4,347,11.566667,True,True,BOTH_PRESENT,False,BOTH_PRESENT,16,0.5
T_20260712_200418_666396.mp4,348,11.6,True,True,BOTH_PRESENT,False,BOTH_PRESENT,17,0.533333
T_20260712_200418_666396.mp4,349,11.633333,True,True,BOTH_PRESENT,False,BOTH_PRESENT,18,0.566666
T_20260712_200418_666396.mp4,350,11.666667,True,True,BOTH_PRESENT,False,BOTH_PRESENT,19,0.6
T_20260712_200418_666396.mp4,351,11.7,True,True,BOTH_PRESENT,False,BOTH_PRESENT,20,0.633333
T_20260712_200418_666396.mp4,352,11.733333,True,True,BOTH_PRESENT,False,BOTH_PRESENT,21,0.666666
T_20260712_200418_666396.mp4,353,11.766667,True,True,BOTH_PRESENT,False,BOTH_PRESENT,22,0.7
T_20260712_200418_666396.mp4,354,11.8,True,True,BOTH_PRESENT,False,BOTH_PRESENT,23,0.733333
T_20260712_200418_666396.mp4,355,11.833333,True,True,BOTH_PRESENT,False,BOTH_PRESENT,24,0.766666
T_20260712_200418_666396.mp4,356,11.866667,True,True,BOTH_PRESENT,False,BOTH_PRESENT,25,0.8
T_20260712_200418_666396.mp4,357,11.9,True,True,BOTH_PRESENT,False,BOTH_PRESENT,26,0.833333
T_20260712_200418_666396.mp4,358,11.933333,True,True,BOTH_PRESENT,False,BOTH_PRESENT,27,0.866666
T_20260712_200418_666396.mp4,359,11.966667,True,True,BOTH_PRESENT,False,BOTH_PRESENT,28,0.9
T_20260712_200418_666396.mp4,360,12.0,True,True,BOTH_PRESENT,False,BOTH_PRESENT,29,0.933333
T_20260712_200418_666396.mp4,361,12.033333,True,True,BOTH_PRESENT,False,BOTH_PRESENT,30,0.966666
T_20260712_200418_666396.mp4,362,12.066667,True,True,BOTH_PRESENT,False,BOTH_PRESENT,31,1.0
T_20260712_200418_666396.mp4,363,12.1,True,True,BOTH_PRESENT,False,BOTH_PRESENT,32,1.033333
T_20260712_200418_666396.mp4,364,12.133333,True,True,BOTH_PRESENT,False,BOTH_PRESENT,33,1.066666
T_20260712_200418_666396.mp4,365,12.166667,True,True,BOTH_PRESENT,False,BOTH_PRESENT,34,1.1
T_20260712_200418_666396.mp4,366,12.2,True,True,BOTH_PRESENT,False,BOTH_PRESENT,35,1.133333
T_20260712_200418_666396.mp4,367,12.233333,True,True,BOTH_PRESENT,False,BOTH_PRESENT,36,1.166666
T_20260712_200418_666396.mp4,368,12.266667,True,True,BOTH_PRESENT,False,BOTH_PRESENT,37,1.2
T_20260712_200418_666396.mp4,369,12.3,True,True,BOTH_PRESENT,False,BOTH_PRESENT,38,1.233333
T_20260712_200418_666396.mp4,370,12.333333,True,True,BOTH_PRESENT,False,BOTH_PRESENT,39,1.266666
T_20260712_200418_666396.mp4,371,12.366667,True,True,BOTH_PRESENT,False,BOTH_PRESENT,40,1.3
T_20260712_200418_666396.mp4,372,12.4,True,True,BOTH_PRESENT,False,BOTH_PRESENT,41,1.333333
T_20260712_200418_666396.mp4,373,12.433333,True,True,BOTH_PRESENT,False,BOTH_PRESENT,42,1.366666
T_20260712_200418_666396.mp4,374,12.466667,True,True,BOTH_PRESENT,False,BOTH_PRESENT,43,1.4
T_20260712_200418_666396.mp4,375,12.5,True,True,BOTH_PRESENT,False,BOTH_PRESENT,44,1.433333
T_20260712_200418_666396.mp4,376,12.533333,True,True,BOTH_PRESENT,False,BOTH_PRESENT,45,1.466666
T_20260712_200418_666396.mp4,377,12.566667,True,True,BOTH_PRESENT,False,BOTH_PRESENT,46,1.5
T_20260712_200418_666396.mp4,378,12.6,True,True,BOTH_PRESENT,False,BOTH_PRESENT,47,1.533333
T_20260712_200418_666396.mp4,379,12.633333,True,True,BOTH_PRESENT,False,BOTH_PRESENT,48,1.566666
T_20260712_200418_666396.mp4,380,12.666667,True,True,BOTH_PRESENT,False,BOTH_PRESENT,49,1.6
T_20260712_200418_666396.mp4,381,12.7,True,True,BOTH_PRESENT,False,BOTH_PRESENT,50,1.633333
T_20260712_200418_666396.mp4,382,12.733333,True,True,BOTH_PRESENT,False,BOTH_PRESENT,51,1.666666
T_20260712_200418_666396.mp4,383,12.766667,True,True,BOTH_PRESENT,False,BOTH_PRESENT,52,1.7
T_20260712_200418_666396.mp4,384,12.8,True,True,BOTH_PRESENT,False,BOTH_PRESENT,53,1.733333
T_20260712_200418_666396.mp4,385,12.833333,True,True,BOTH_PRESENT,False,BOTH_PRESENT,54,1.766666
T_20260712_200418_666396.mp4,386,12.866667,True,True,BOTH_PRESENT,False,BOTH_PRESENT,55,1.8
T_20260712_200418_666396.mp4,387,12.9,True,True,BOTH_PRESENT,False,BOTH_PRESENT,56,1.833333
T_20260712_200418_666396.mp4,388,12.933333,True,True,BOTH_PRESENT,False,BOTH_PRESENT,57,1.866666
T_20260712_200418_666396.mp4,389,12.966667,True,True,BOTH_PRESENT,False,BOTH_PRESENT,58,1.9
T_20260712_200418_666396.mp4,390,13.0,True,True,BOTH_PRESENT,False,BOTH_PRESENT,59,1.933333
T_20260712_200418_666396.mp4,391,13.033333,True,True,BOTH_PRESENT,False,BOTH_PRESENT,60,1.966666
T_20260712_200418_666396.mp4,392,13.066667,True,True,BOTH_PRESENT,False,BOTH_PRESENT,61,2.0
T_20260712_200418_666396.mp4,393,13.1,True,True,BOTH_PRESENT,False,BOTH_PRESENT,62,2.033333
T_20260712_200418_666396.mp4,394,13.133333,True,True,BOTH_PRESENT,False,BOTH_PRESENT,63,2.066666
T_20260712_200418_666396.mp4,395,13.166667,True,True,BOTH_PRESENT,False,BOTH_PRESENT,64,2.1
T_20260712_200418_666396.mp4,396,13.2,True,True,BOTH_PRESENT,False,BOTH_PRESENT,65,2.133333
T_20260712_200418_666396.mp4,397,13.233333,True,True,BOTH_PRESENT,False,BOTH_PRESENT,66,2.166666
T_20260712_200418_666396.mp4,398,13.266667,True,True,BOTH_PRESENT,False,BOTH_PRESENT,67,2.2
T_20260712_200418_666396.mp4,399,13.3,True,True,BOTH_PRESENT,False,BOTH_PRESENT,68,2.233333
T_20260712_200418_666396.mp4,400,13.333333,True,True,BOTH_PRESENT,False,BOTH_PRESENT,69,2.266666
T_20260712_200418_666396.mp4,401,13.366667,False,True,POWER_ADAPTER_ONLY,True,BOTH_PRESENT,1,0.0
T_20260712_200418_666396.mp4,402,13.4,False,True,POWER_ADAPTER_ONLY,False,POWER_ADAPTER_ONLY,2,0.033333
T_20260712_200418_666396.mp4,403,13.433333,False,True,POWER_ADAPTER_ONLY,False,POWER_ADAPTER_ONLY,3,0.066666
T_20260712_200418_666396.mp4,404,13.466667,False,True,POWER_ADAPTER_ONLY,False,POWER_ADAPTER_ONLY,4,0.1
T_20260712_200418_666396.mp4,405,13.5,False,True,POWER_ADAPTER_ONLY,False,POWER_ADAPTER_ONLY,5,0.133333
T_20260712_200418_666396.mp4,406,13.533333,True,True,BOTH_PRESENT,True,POWER_ADAPTER_ONLY,1,0.0
T_20260712_200418_666396.mp4,407,13.566667,True,True,BOTH_PRESENT,False,BOTH_PRESENT,2,0.033334
T_20260712_200418_666396.mp4,408,13.6,True,True,BOTH_PRESENT,False,BOTH_PRESENT,3,0.066667
T_20260712_200418_666396.mp4,409,13.633333,True,True,BOTH_PRESENT,False,BOTH_PRESENT,4,0.1
T_20260712_200418_666396.mp4,410,13.666667,True,True,BOTH_PRESENT,False,BOTH_PRESENT,5,0.133334
T_20260712_200418_666396.mp4,411,13.7,True,True,BOTH_PRESENT,False,BOTH_PRESENT,6,0.166667
T_20260712_200418_666396.mp4,412,13.733333,True,True,BOTH_PRESENT,False,BOTH_PRESENT,7,0.2
T_20260712_200418_666396.mp4,413,13.766667,True,True,BOTH_PRESENT,False,BOTH_PRESENT,8,0.233334
T_20260712_200418_666396.mp4,414,13.8,True,True,BOTH_PRESENT,False,BOTH_PRESENT,9,0.266667
T_20260712_200418_666396.mp4,415,13.833333,True,True,BOTH_PRESENT,False,BOTH_PRESENT,10,0.3
T_20260712_200418_666396.mp4,416,13.866667,True,True,BOTH_PRESENT,False,BOTH_PRESENT,11,0.333334
T_20260712_200418_666396.mp4,417,13.9,True,True,BOTH_PRESENT,False,BOTH_PRESENT,12,0.366667
T_20260712_200418_666396.mp4,418,13.933333,True,True,BOTH_PRESENT,False,BOTH_PRESENT,13,0.4
T_20260712_200418_666396.mp4,419,13.966667,True,True,BOTH_PRESENT,False,BOTH_PRESENT,14,0.433334
T_20260712_200418_666396.mp4,420,14.0,True,True,BOTH_PRESENT,False,BOTH_PRESENT,15,0.466667
T_20260712_200418_666396.mp4,421,14.033333,True,True,BOTH_PRESENT,False,BOTH_PRESENT,16,0.5
T_20260712_200418_666396.mp4,422,14.066667,True,True,BOTH_PRESENT,False,BOTH_PRESENT,17,0.533334
T_20260712_200418_666396.mp4,423,14.1,True,True,BOTH_PRESENT,False,BOTH_PRESENT,18,0.566667
T_20260712_200418_666396.mp4,424,14.133333,True,True,BOTH_PRESENT,False,BOTH_PRESENT,19,0.6
T_20260712_200418_666396.mp4,425,14.166667,True,True,BOTH_PRESENT,False,BOTH_PRESENT,20,0.633334
T_20260712_200418_666396.mp4,426,14.2,True,True,BOTH_PRESENT,False,BOTH_PRESENT,21,0.666667
T_20260712_200418_666396.mp4,427,14.233333,True,True,BOTH_PRESENT,False,BOTH_PRESENT,22,0.7
T_20260712_200418_666396.mp4,428,14.266667,True,True,BOTH_PRESENT,False,BOTH_PRESENT,23,0.733334
T_20260712_200418_666396.mp4,429,14.3,True,True,BOTH_PRESENT,False,BOTH_PRESENT,24,0.766667
T_20260712_200418_666396.mp4,430,14.333333,True,True,BOTH_PRESENT,False,BOTH_PRESENT,25,0.8
T_20260712_200418_666396.mp4,431,14.366667,True,True,BOTH_PRESENT,False,BOTH_PRESENT,26,0.833334
T_20260712_200418_666396.mp4,432,14.4,True,True,BOTH_PRESENT,False,BOTH_PRESENT,27,0.866667
T_20260712_200418_666396.mp4,433,14.433333,False,True,POWER_ADAPTER_ONLY,True,BOTH_PRESENT,1,0.0
T_20260712_200418_666396.mp4,434,14.466667,False,True,POWER_ADAPTER_ONLY,False,POWER_ADAPTER_ONLY,2,0.033334
T_20260712_200418_666396.mp4,435,14.5,False,True,POWER_ADAPTER_ONLY,False,POWER_ADAPTER_ONLY,3,0.066667
T_20260712_200418_666396.mp4,436,14.533333,False,True,POWER_ADAPTER_ONLY,False,POWER_ADAPTER_ONLY,4,0.1
T_20260712_200418_666396.mp4,437,14.566667,False,True,POWER_ADAPTER_ONLY,False,POWER_ADAPTER_ONLY,5,0.133334
T_20260712_200418_666396.mp4,438,14.6,False,True,POWER_ADAPTER_ONLY,False,POWER_ADAPTER_ONLY,6,0.166667
T_20260712_200418_666396.mp4,439,14.633333,False,True,POWER_ADAPTER_ONLY,False,POWER_ADAPTER_ONLY,7,0.2
T_20260712_200418_666396.mp4,440,14.666667,False,True,POWER_ADAPTER_ONLY,False,POWER_ADAPTER_ONLY,8,0.233334
T_20260712_200418_666396.mp4,441,14.7,False,True,POWER_ADAPTER_ONLY,False,POWER_ADAPTER_ONLY,9,0.266667
T_20260712_200418_666396.mp4,442,14.733333,True,True,BOTH_PRESENT,True,POWER_ADAPTER_ONLY,1,0.0
T_20260712_200418_666396.mp4,443,14.766667,True,True,BOTH_PRESENT,False,BOTH_PRESENT,2,0.033334
T_20260712_200418_666396.mp4,444,14.8,True,True,BOTH_PRESENT,False,BOTH_PRESENT,3,0.066667
T_20260712_200418_666396.mp4,445,14.833333,False,True,POWER_ADAPTER_ONLY,True,BOTH_PRESENT,1,0.0
T_20260712_200418_666396.mp4,446,14.866667,False,True,POWER_ADAPTER_ONLY,False,POWER_ADAPTER_ONLY,2,0.033334
T_20260712_200418_666396.mp4,447,14.9,False,True,POWER_ADAPTER_ONLY,False,POWER_ADAPTER_ONLY,3,0.066667
T_20260712_200418_666396.mp4,448,14.933333,False,True,POWER_ADAPTER_ONLY,False,POWER_ADAPTER_ONLY,4,0.1
T_20260712_200418_666396.mp4,449,14.966667,False,True,POWER_ADAPTER_ONLY,False,POWER_ADAPTER_ONLY,5,0.133334
T_20260712_200418_666396.mp4,450,15.0,False,True,POWER_ADAPTER_ONLY,False,POWER_ADAPTER_ONLY,6,0.166667
T_20260712_200418_666396.mp4,451,15.033333,False,True,POWER_ADAPTER_ONLY,False,POWER_ADAPTER_ONLY,7,0.2
T_20260712_200418_666396.mp4,452,15.066667,False,True,POWER_ADAPTER_ONLY,False,POWER_ADAPTER_ONLY,8,0.233334
T_20260712_200418_666396.mp4,453,15.1,False,True,POWER_ADAPTER_ONLY,False,POWER_ADAPTER_ONLY,9,0.266667
T_20260712_200418_666396.mp4,454,15.133333,False,True,POWER_ADAPTER_ONLY,False,POWER_ADAPTER_ONLY,10,0.3
T_20260712_200418_666396.mp4,455,15.166667,False,True,POWER_ADAPTER_ONLY,False,POWER_ADAPTER_ONLY,11,0.333334
T_20260712_200418_666396.mp4,456,15.2,False,True,POWER_ADAPTER_ONLY,False,POWER_ADAPTER_ONLY,12,0.366667
T_20260712_200418_666396.mp4,457,15.233333,False,True,POWER_ADAPTER_ONLY,False,POWER_ADAPTER_ONLY,13,0.4
T_20260712_200418_666396.mp4,458,15.266667,False,True,POWER_ADAPTER_ONLY,False,POWER_ADAPTER_ONLY,14,0.433334
T_20260712_200418_666396.mp4,459,15.3,False,True,POWER_ADAPTER_ONLY,False,POWER_ADAPTER_ONLY,15,0.466667
T_20260712_200418_666396.mp4,460,15.333333,False,True,POWER_ADAPTER_ONLY,False,POWER_ADAPTER_ONLY,16,0.5
T_20260712_200418_666396.mp4,461,15.366667,False,True,POWER_ADAPTER_ONLY,False,POWER_ADAPTER_ONLY,17,0.533334
T_20260712_200418_666396.mp4,462,15.4,False,True,POWER_ADAPTER_ONLY,False,POWER_ADAPTER_ONLY,18,0.566667
T_20260712_200418_666396.mp4,463,15.433333,False,True,POWER_ADAPTER_ONLY,False,POWER_ADAPTER_ONLY,19,0.6
T_20260712_200418_666396.mp4,464,15.466667,False,True,POWER_ADAPTER_ONLY,False,POWER_ADAPTER_ONLY,20,0.633334
T_20260712_200418_666396.mp4,465,15.5,False,True,POWER_ADAPTER_ONLY,False,POWER_ADAPTER_ONLY,21,0.666667
T_20260712_200418_666396.mp4,466,15.533333,False,True,POWER_ADAPTER_ONLY,False,POWER_ADAPTER_ONLY,22,0.7
T_20260712_200418_666396.mp4,467,15.566667,False,True,POWER_ADAPTER_ONLY,False,POWER_ADAPTER_ONLY,23,0.733334
T_20260712_200418_666396.mp4,468,15.6,False,True,POWER_ADAPTER_ONLY,False,POWER_ADAPTER_ONLY,24,0.766667
T_20260712_200418_666396.mp4,469,15.633333,False,True,POWER_ADAPTER_ONLY,False,POWER_ADAPTER_ONLY,25,0.8
T_20260712_200418_666396.mp4,470,15.666667,False,True,POWER_ADAPTER_ONLY,False,POWER_ADAPTER_ONLY,26,0.833334
T_20260712_200418_666396.mp4,471,15.7,False,True,POWER_ADAPTER_ONLY,False,POWER_ADAPTER_ONLY,27,0.866667
T_20260712_200418_666396.mp4,472,15.733333,False,True,POWER_ADAPTER_ONLY,False,POWER_ADAPTER_ONLY,28,0.9
T_20260712_200418_666396.mp4,473,15.766667,False,True,POWER_ADAPTER_ONLY,False,POWER_ADAPTER_ONLY,29,0.933334
T_20260712_200418_666396.mp4,474,15.8,False,True,POWER_ADAPTER_ONLY,False,POWER_ADAPTER_ONLY,30,0.966667
T_20260712_200418_666396.mp4,475,15.833333,False,True,POWER_ADAPTER_ONLY,False,POWER_ADAPTER_ONLY,31,1.0
T_20260712_200418_666396.mp4,476,15.866667,False,True,POWER_ADAPTER_ONLY,False,POWER_ADAPTER_ONLY,32,1.033334
T_20260712_200418_666396.mp4,477,15.9,True,False,MARKER_ONLY,True,POWER_ADAPTER_ONLY,1,0.0
T_20260712_200418_666396.mp4,478,15.933333,True,False,MARKER_ONLY,False,MARKER_ONLY,2,0.033333
T_20260712_200418_666396.mp4,479,15.966667,True,False,MARKER_ONLY,False,MARKER_ONLY,3,0.066667
T_20260712_200418_666396.mp4,480,16.0,True,True,BOTH_PRESENT,True,MARKER_ONLY,1,0.0
T_20260712_200418_666396.mp4,481,16.033333,True,True,BOTH_PRESENT,False,BOTH_PRESENT,2,0.033333
T_20260712_200418_666396.mp4,482,16.066667,True,True,BOTH_PRESENT,False,BOTH_PRESENT,3,0.066667
T_20260712_200418_666396.mp4,483,16.1,True,True,BOTH_PRESENT,False,BOTH_PRESENT,4,0.1
T_20260712_200418_666396.mp4,484,16.133333,True,True,BOTH_PRESENT,False,BOTH_PRESENT,5,0.133333
T_20260712_200418_666396.mp4,485,16.166667,True,True,BOTH_PRESENT,False,BOTH_PRESENT,6,0.166667
T_20260712_200418_666396.mp4,486,16.2,True,True,BOTH_PRESENT,False,BOTH_PRESENT,7,0.2
T_20260712_200418_666396.mp4,487,16.233333,True,True,BOTH_PRESENT,False,BOTH_PRESENT,8,0.233333
T_20260712_200418_666396.mp4,488,16.266667,True,True,BOTH_PRESENT,False,BOTH_PRESENT,9,0.266667
T_20260712_200418_666396.mp4,489,16.3,True,True,BOTH_PRESENT,False,BOTH_PRESENT,10,0.3
T_20260712_200418_666396.mp4,490,16.333333,True,True,BOTH_PRESENT,False,BOTH_PRESENT,11,0.333333
T_20260712_200418_666396.mp4,491,16.366667,True,True,BOTH_PRESENT,False,BOTH_PRESENT,12,0.366667
T_20260712_200418_666396.mp4,492,16.4,True,True,BOTH_PRESENT,False,BOTH_PRESENT,13,0.4
T_20260712_200418_666396.mp4,493,16.433333,True,True,BOTH_PRESENT,False,BOTH_PRESENT,14,0.433333
T_20260712_200418_666396.mp4,494,16.466667,True,True,BOTH_PRESENT,False,BOTH_PRESENT,15,0.466667
T_20260712_200418_666396.mp4,495,16.5,True,True,BOTH_PRESENT,False,BOTH_PRESENT,16,0.5
T_20260712_200418_666396.mp4,496,16.533333,True,True,BOTH_PRESENT,False,BOTH_PRESENT,17,0.533333
T_20260712_200418_666396.mp4,497,16.566667,True,True,BOTH_PRESENT,False,BOTH_PRESENT,18,0.566667
T_20260712_200418_666396.mp4,498,16.6,True,True,BOTH_PRESENT,False,BOTH_PRESENT,19,0.6
T_20260712_200418_666396.mp4,499,16.633333,True,True,BOTH_PRESENT,False,BOTH_PRESENT,20,0.633333
T_20260712_200418_666396.mp4,500,16.666667,True,True,BOTH_PRESENT,False,BOTH_PRESENT,21,0.666667
T_20260712_200418_666396.mp4,501,16.7,True,True,BOTH_PRESENT,False,BOTH_PRESENT,22,0.7
T_20260712_200418_666396.mp4,502,16.733333,True,True,BOTH_PRESENT,False,BOTH_PRESENT,23,0.733333
T_20260712_200418_666396.mp4,503,16.766667,True,True,BOTH_PRESENT,False,BOTH_PRESENT,24,0.766667
T_20260712_200418_666396.mp4,504,16.8,True,True,BOTH_PRESENT,False,BOTH_PRESENT,25,0.8
T_20260712_200418_666396.mp4,505,16.833333,True,True,BOTH_PRESENT,False,BOTH_PRESENT,26,0.833333
T_20260712_200418_666396.mp4,506,16.866667,True,True,BOTH_PRESENT,False,BOTH_PRESENT,27,0.866667
T_20260712_200418_666396.mp4,507,16.9,True,True,BOTH_PRESENT,False,BOTH_PRESENT,28,0.9
T_20260712_200418_666396.mp4,508,16.933333,True,True,BOTH_PRESENT,False,BOTH_PRESENT,29,0.933333
T_20260712_200418_666396.mp4,509,16.966667,True,True,BOTH_PRESENT,False,BOTH_PRESENT,30,0.966667
T_20260712_200418_666396.mp4,510,17.0,True,True,BOTH_PRESENT,False,BOTH_PRESENT,31,1.0
T_20260712_200418_666396.mp4,511,17.033333,True,True,BOTH_PRESENT,False,BOTH_PRESENT,32,1.033333
T_20260712_200418_666396.mp4,512,17.066667,True,True,BOTH_PRESENT,False,BOTH_PRESENT,33,1.066667
T_20260712_200418_666396.mp4,513,17.1,True,True,BOTH_PRESENT,False,BOTH_PRESENT,34,1.1
T_20260712_200418_666396.mp4,514,17.133333,True,True,BOTH_PRESENT,False,BOTH_PRESENT,35,1.133333
T_20260712_200418_666396.mp4,515,17.166667,True,True,BOTH_PRESENT,False,BOTH_PRESENT,36,1.166667
T_20260712_200418_666396.mp4,516,17.2,True,True,BOTH_PRESENT,False,BOTH_PRESENT,37,1.2
T_20260712_200418_666396.mp4,517,17.233333,True,True,BOTH_PRESENT,False,BOTH_PRESENT,38,1.233333
T_20260712_200418_666396.mp4,518,17.266667,True,True,BOTH_PRESENT,False,BOTH_PRESENT,39,1.266667
T_20260712_200418_666396.mp4,519,17.3,False,True,POWER_ADAPTER_ONLY,True,BOTH_PRESENT,1,0.0
T_20260712_200418_666396.mp4,520,17.333333,False,True,POWER_ADAPTER_ONLY,False,POWER_ADAPTER_ONLY,2,0.033333
T_20260712_200418_666396.mp4,521,17.366667,False,True,POWER_ADAPTER_ONLY,False,POWER_ADAPTER_ONLY,3,0.066667
T_20260712_200418_666396.mp4,522,17.4,False,True,POWER_ADAPTER_ONLY,False,POWER_ADAPTER_ONLY,4,0.1
T_20260712_200418_666396.mp4,523,17.433333,False,True,POWER_ADAPTER_ONLY,False,POWER_ADAPTER_ONLY,5,0.133333
T_20260712_200418_666396.mp4,524,17.466667,False,True,POWER_ADAPTER_ONLY,False,POWER_ADAPTER_ONLY,6,0.166667
T_20260712_200418_666396.mp4,525,17.5,False,True,POWER_ADAPTER_ONLY,False,POWER_ADAPTER_ONLY,7,0.2
T_20260712_200418_666396.mp4,526,17.533333,False,True,POWER_ADAPTER_ONLY,False,POWER_ADAPTER_ONLY,8,0.233333
T_20260712_200418_666396.mp4,527,17.566667,False,True,POWER_ADAPTER_ONLY,False,POWER_ADAPTER_ONLY,9,0.266667
T_20260712_200418_666396.mp4,528,17.6,False,True,POWER_ADAPTER_ONLY,False,POWER_ADAPTER_ONLY,10,0.3
T_20260712_200418_666396.mp4,529,17.633333,False,True,POWER_ADAPTER_ONLY,False,POWER_ADAPTER_ONLY,11,0.333333
T_20260712_200418_666396.mp4,530,17.666667,False,True,POWER_ADAPTER_ONLY,False,POWER_ADAPTER_ONLY,12,0.366667
T_20260712_200418_666396.mp4,531,17.7,False,True,POWER_ADAPTER_ONLY,False,POWER_ADAPTER_ONLY,13,0.4
T_20260712_200418_666396.mp4,532,17.733333,False,True,POWER_ADAPTER_ONLY,False,POWER_ADAPTER_ONLY,14,0.433333
T_20260712_200418_666396.mp4,533,17.766667,False,True,POWER_ADAPTER_ONLY,False,POWER_ADAPTER_ONLY,15,0.466667
T_20260712_200418_666396.mp4,534,17.8,True,True,BOTH_PRESENT,True,POWER_ADAPTER_ONLY,1,0.0
T_20260712_200418_666396.mp4,535,17.833333,True,True,BOTH_PRESENT,False,BOTH_PRESENT,2,0.033333
T_20260712_200418_666396.mp4,536,17.866667,True,True,BOTH_PRESENT,False,BOTH_PRESENT,3,0.066667
T_20260712_200418_666396.mp4,537,17.9,True,True,BOTH_PRESENT,False,BOTH_PRESENT,4,0.1
T_20260712_200418_666396.mp4,538,17.933333,True,True,BOTH_PRESENT,False,BOTH_PRESENT,5,0.133333
T_20260712_200418_666396.mp4,539,17.966667,True,True,BOTH_PRESENT,False,BOTH_PRESENT,6,0.166667
T_20260712_200418_666396.mp4,540,18.0,True,True,BOTH_PRESENT,False,BOTH_PRESENT,7,0.2
T_20260712_200418_666396.mp4,541,18.033333,True,True,BOTH_PRESENT,False,BOTH_PRESENT,8,0.233333
T_20260712_200418_666396.mp4,542,18.066667,True,True,BOTH_PRESENT,False,BOTH_PRESENT,9,0.266667
T_20260712_200418_666396.mp4,543,18.1,True,True,BOTH_PRESENT,False,BOTH_PRESENT,10,0.3
T_20260712_200418_666396.mp4,544,18.133333,True,True,BOTH_PRESENT,False,BOTH_PRESENT,11,0.333333
T_20260712_200418_666396.mp4,545,18.166667,True,True,BOTH_PRESENT,False,BOTH_PRESENT,12,0.366667
T_20260712_200418_666396.mp4,546,18.2,True,True,BOTH_PRESENT,False,BOTH_PRESENT,13,0.4
T_20260712_200418_666396.mp4,547,18.233333,True,True,BOTH_PRESENT,False,BOTH_PRESENT,14,0.433333
T_20260712_200418_666396.mp4,548,18.266667,True,True,BOTH_PRESENT,False,BOTH_PRESENT,15,0.466667
T_20260712_200418_666396.mp4,549,18.3,True,True,BOTH_PRESENT,False,BOTH_PRESENT,16,0.5
T_20260712_200418_666396.mp4,550,18.333333,True,True,BOTH_PRESENT,False,BOTH_PRESENT,17,0.533333
T_20260712_200418_666396.mp4,551,18.366667,True,True,BOTH_PRESENT,False,BOTH_PRESENT,18,0.566667
T_20260712_200418_666396.mp4,552,18.4,True,True,BOTH_PRESENT,False,BOTH_PRESENT,19,0.6
T_20260712_200418_666396.mp4,553,18.433333,True,True,BOTH_PRESENT,False,BOTH_PRESENT,20,0.633333
T_20260712_200418_666396.mp4,554,18.466667,True,True,BOTH_PRESENT,False,BOTH_PRESENT,21,0.666667
T_20260712_200418_666396.mp4,555,18.5,True,True,BOTH_PRESENT,False,BOTH_PRESENT,22,0.7
T_20260712_200418_666396.mp4,556,18.533333,True,True,BOTH_PRESENT,False,BOTH_PRESENT,23,0.733333
T_20260712_200418_666396.mp4,557,18.566667,True,True,BOTH_PRESENT,False,BOTH_PRESENT,24,0.766667
T_20260712_200418_666396.mp4,558,18.6,True,True,BOTH_PRESENT,False,BOTH_PRESENT,25,0.8
T_20260712_200418_666396.mp4,559,18.633333,True,True,BOTH_PRESENT,False,BOTH_PRESENT,26,0.833333
T_20260712_200418_666396.mp4,560,18.666667,True,True,BOTH_PRESENT,False,BOTH_PRESENT,27,0.866667
T_20260712_200418_666396.mp4,561,18.7,True,True,BOTH_PRESENT,False,BOTH_PRESENT,28,0.9
T_20260712_200418_666396.mp4,562,18.733333,True,True,BOTH_PRESENT,False,BOTH_PRESENT,29,0.933333
T_20260712_200418_666396.mp4,563,18.766667,True,True,BOTH_PRESENT,False,BOTH_PRESENT,30,0.966667
T_20260712_200418_666396.mp4,564,18.8,True,True,BOTH_PRESENT,False,BOTH_PRESENT,31,1.0
T_20260712_200418_666396.mp4,565,18.833333,True,True,BOTH_PRESENT,False,BOTH_PRESENT,32,1.033333
T_20260712_200418_666396.mp4,566,18.866667,True,True,BOTH_PRESENT,False,BOTH_PRESENT,33,1.066667
T_20260712_200418_666396.mp4,567,18.9,False,True,POWER_ADAPTER_ONLY,True,BOTH_PRESENT,1,0.0
T_20260712_200418_666396.mp4,568,18.933333,False,True,POWER_ADAPTER_ONLY,False,POWER_ADAPTER_ONLY,2,0.033333
T_20260712_200418_666396.mp4,569,18.966667,False,True,POWER_ADAPTER_ONLY,False,POWER_ADAPTER_ONLY,3,0.066667
T_20260712_200418_666396.mp4,570,19.0,False,True,POWER_ADAPTER_ONLY,False,POWER_ADAPTER_ONLY,4,0.1
T_20260712_200418_666396.mp4,571,19.033333,False,True,POWER_ADAPTER_ONLY,False,POWER_ADAPTER_ONLY,5,0.133333
T_20260712_200418_666396.mp4,572,19.066667,True,True,BOTH_PRESENT,True,POWER_ADAPTER_ONLY,1,0.0
T_20260712_200418_666396.mp4,573,19.1,True,True,BOTH_PRESENT,False,BOTH_PRESENT,2,0.033333
T_20260712_200418_666396.mp4,574,19.133333,True,True,BOTH_PRESENT,False,BOTH_PRESENT,3,0.066666
T_20260712_200418_666396.mp4,575,19.166667,True,True,BOTH_PRESENT,False,BOTH_PRESENT,4,0.1
T_20260712_200418_666396.mp4,576,19.2,True,True,BOTH_PRESENT,False,BOTH_PRESENT,5,0.133333
T_20260712_200418_666396.mp4,577,19.233333,True,True,BOTH_PRESENT,False,BOTH_PRESENT,6,0.166666
T_20260712_200418_666396.mp4,578,19.266667,True,True,BOTH_PRESENT,False,BOTH_PRESENT,7,0.2
T_20260712_200418_666396.mp4,579,19.3,True,True,BOTH_PRESENT,False,BOTH_PRESENT,8,0.233333
T_20260712_200418_666396.mp4,580,19.333333,True,True,BOTH_PRESENT,False,BOTH_PRESENT,9,0.266666
T_20260712_200418_666396.mp4,581,19.366667,True,True,BOTH_PRESENT,False,BOTH_PRESENT,10,0.3
T_20260712_200418_666396.mp4,582,19.4,True,True,BOTH_PRESENT,False,BOTH_PRESENT,11,0.333333
T_20260712_200418_666396.mp4,583,19.433333,True,True,BOTH_PRESENT,False,BOTH_PRESENT,12,0.366666
T_20260712_200418_666396.mp4,584,19.466667,True,True,BOTH_PRESENT,False,BOTH_PRESENT,13,0.4
T_20260712_200418_666396.mp4,585,19.5,True,True,BOTH_PRESENT,False,BOTH_PRESENT,14,0.433333
T_20260712_200418_666396.mp4,586,19.533333,True,True,BOTH_PRESENT,False,BOTH_PRESENT,15,0.466666
T_20260712_200418_666396.mp4,587,19.566667,True,True,BOTH_PRESENT,False,BOTH_PRESENT,16,0.5
T_20260712_200418_666396.mp4,588,19.6,True,True,BOTH_PRESENT,False,BOTH_PRESENT,17,0.533333
T_20260712_200418_666396.mp4,589,19.633333,True,True,BOTH_PRESENT,False,BOTH_PRESENT,18,0.566666
T_20260712_200418_666396.mp4,590,19.666667,True,True,BOTH_PRESENT,False,BOTH_PRESENT,19,0.6
T_20260712_200418_666396.mp4,591,19.7,True,True,BOTH_PRESENT,False,BOTH_PRESENT,20,0.633333
T_20260712_200418_666396.mp4,592,19.733333,True,True,BOTH_PRESENT,False,BOTH_PRESENT,21,0.666666
T_20260712_200418_666396.mp4,593,19.766667,True,True,BOTH_PRESENT,False,BOTH_PRESENT,22,0.7
T_20260712_200418_666396.mp4,594,19.8,True,True,BOTH_PRESENT,False,BOTH_PRESENT,23,0.733333
T_20260712_200418_666396.mp4,595,19.833333,True,True,BOTH_PRESENT,False,BOTH_PRESENT,24,0.766666
T_20260712_200418_666396.mp4,596,19.866667,True,True,BOTH_PRESENT,False,BOTH_PRESENT,25,0.8
T_20260712_200418_666396.mp4,597,19.9,True,True,BOTH_PRESENT,False,BOTH_PRESENT,26,0.833333
T_20260712_200418_666396.mp4,598,19.933333,True,True,BOTH_PRESENT,False,BOTH_PRESENT,27,0.866666
T_20260712_200418_666396.mp4,599,19.966667,True,True,BOTH_PRESENT,False,BOTH_PRESENT,28,0.9
T_20260712_200418_666396.mp4,600,20.0,True,True,BOTH_PRESENT,False,BOTH_PRESENT,29,0.933333
T_20260712_200418_666396.mp4,601,20.033333,True,True,BOTH_PRESENT,False,BOTH_PRESENT,30,0.966666
T_20260712_200418_666396.mp4,602,20.066667,True,True,BOTH_PRESENT,False,BOTH_PRESENT,31,1.0
T_20260712_200418_666396.mp4,603,20.1,True,True,BOTH_PRESENT,False,BOTH_PRESENT,32,1.033333
T_20260712_200418_666396.mp4,604,20.133333,True,True,BOTH_PRESENT,False,BOTH_PRESENT,33,1.066666
T_20260712_200418_666396.mp4,605,20.166667,True,True,BOTH_PRESENT,False,BOTH_PRESENT,34,1.1
T_20260712_200418_666396.mp4,606,20.2,True,True,BOTH_PRESENT,False,BOTH_PRESENT,35,1.133333
T_20260712_200418_666396.mp4,607,20.233333,True,True,BOTH_PRESENT,False,BOTH_PRESENT,36,1.166666
T_20260712_200418_666396.mp4,608,20.266667,True,True,BOTH_PRESENT,False,BOTH_PRESENT,37,1.2
T_20260712_200418_666396.mp4,609,20.3,True,True,BOTH_PRESENT,False,BOTH_PRESENT,38,1.233333
T_20260712_200418_666396.mp4,610,20.333333,True,True,BOTH_PRESENT,False,BOTH_PRESENT,39,1.266666
T_20260712_200418_666396.mp4,611,20.366667,True,True,BOTH_PRESENT,False,BOTH_PRESENT,40,1.3
T_20260712_200418_666396.mp4,612,20.4,True,True,BOTH_PRESENT,False,BOTH_PRESENT,41,1.333333
T_20260712_200418_666396.mp4,613,20.433333,True,True,BOTH_PRESENT,False,BOTH_PRESENT,42,1.366666
T_20260712_200418_666396.mp4,614,20.466667,True,True,BOTH_PRESENT,False,BOTH_PRESENT,43,1.4
T_20260712_200418_666396.mp4,615,20.5,True,True,BOTH_PRESENT,False,BOTH_PRESENT,44,1.433333
T_20260712_200418_666396.mp4,616,20.533333,True,True,BOTH_PRESENT,False,BOTH_PRESENT,45,1.466666
T_20260712_200418_666396.mp4,617,20.566667,True,True,BOTH_PRESENT,False,BOTH_PRESENT,46,1.5
T_20260712_200418_666396.mp4,618,20.6,True,True,BOTH_PRESENT,False,BOTH_PRESENT,47,1.533333
T_20260712_200418_666396.mp4,619,20.633333,True,True,BOTH_PRESENT,False,BOTH_PRESENT,48,1.566666
T_20260712_200418_666396.mp4,620,20.666667,True,True,BOTH_PRESENT,False,BOTH_PRESENT,49,1.6
T_20260712_200418_666396.mp4,621,20.7,True,True,BOTH_PRESENT,False,BOTH_PRESENT,50,1.633333
T_20260712_200418_666396.mp4,622,20.733333,True,True,BOTH_PRESENT,False,BOTH_PRESENT,51,1.666666
T_20260712_200418_666396.mp4,623,20.766667,True,True,BOTH_PRESENT,False,BOTH_PRESENT,52,1.7
T_20260712_200418_666396.mp4,624,20.8,True,True,BOTH_PRESENT,False,BOTH_PRESENT,53,1.733333
T_20260712_200418_666396.mp4,625,20.833333,True,True,BOTH_PRESENT,False,BOTH_PRESENT,54,1.766666
T_20260712_200418_666396.mp4,626,20.866667,True,True,BOTH_PRESENT,False,BOTH_PRESENT,55,1.8
T_20260712_200418_666396.mp4,627,20.9,True,True,BOTH_PRESENT,False,BOTH_PRESENT,56,1.833333
T_20260712_200418_666396.mp4,628,20.933333,True,True,BOTH_PRESENT,False,BOTH_PRESENT,57,1.866666
T_20260712_200418_666396.mp4,629,20.966667,True,True,BOTH_PRESENT,False,BOTH_PRESENT,58,1.9
T_20260712_200418_666396.mp4,630,21.0,True,True,BOTH_PRESENT,False,BOTH_PRESENT,59,1.933333
T_20260712_200418_666396.mp4,631,21.033333,True,True,BOTH_PRESENT,False,BOTH_PRESENT,60,1.966666
T_20260712_200418_666396.mp4,632,21.066667,True,True,BOTH_PRESENT,False,BOTH_PRESENT,61,2.0
T_20260712_200418_666396.mp4,633,21.1,True,True,BOTH_PRESENT,False,BOTH_PRESENT,62,2.033333
T_20260712_200418_666396.mp4,634,21.133333,True,True,BOTH_PRESENT,False,BOTH_PRESENT,63,2.066666
T_20260712_200418_666396.mp4,635,21.166667,True,True,BOTH_PRESENT,False,BOTH_PRESENT,64,2.1
T_20260712_200418_666396.mp4,636,21.2,True,True,BOTH_PRESENT,False,BOTH_PRESENT,65,2.133333
T_20260712_200418_666396.mp4,637,21.233333,True,True,BOTH_PRESENT,False,BOTH_PRESENT,66,2.166666
T_20260712_200418_666396.mp4,638,21.266667,True,True,BOTH_PRESENT,False,BOTH_PRESENT,67,2.2
T_20260712_200418_666396.mp4,639,21.3,True,True,BOTH_PRESENT,False,BOTH_PRESENT,68,2.233333
T_20260712_200418_666396.mp4,640,21.333333,True,True,BOTH_PRESENT,False,BOTH_PRESENT,69,2.266666
T_20260712_200418_666396.mp4,641,21.366667,True,True,BOTH_PRESENT,False,BOTH_PRESENT,70,2.3
T_20260712_200418_666396.mp4,642,21.4,True,True,BOTH_PRESENT,False,BOTH_PRESENT,71,2.333333
T_20260712_200418_666396.mp4,643,21.433333,True,True,BOTH_PRESENT,False,BOTH_PRESENT,72,2.366666
T_20260712_200418_666396.mp4,644,21.466667,True,True,BOTH_PRESENT,False,BOTH_PRESENT,73,2.4
T_20260712_200418_666396.mp4,645,21.5,True,True,BOTH_PRESENT,False,BOTH_PRESENT,74,2.433333
T_20260712_200418_666396.mp4,646,21.533333,True,True,BOTH_PRESENT,False,BOTH_PRESENT,75,2.466666
T_20260712_200418_666396.mp4,647,21.566667,True,True,BOTH_PRESENT,False,BOTH_PRESENT,76,2.5
T_20260712_200418_666396.mp4,648,21.6,True,True,BOTH_PRESENT,False,BOTH_PRESENT,77,2.533333
T_20260712_200418_666396.mp4,649,21.633333,True,True,BOTH_PRESENT,False,BOTH_PRESENT,78,2.566666
T_20260712_200418_666396.mp4,650,21.666667,True,True,BOTH_PRESENT,False,BOTH_PRESENT,79,2.6
T_20260712_200418_666396.mp4,651,21.7,True,True,BOTH_PRESENT,False,BOTH_PRESENT,80,2.633333
T_20260712_200418_666396.mp4,652,21.733333,True,True,BOTH_PRESENT,False,BOTH_PRESENT,81,2.666666
T_20260712_200418_666396.mp4,653,21.766667,True,True,BOTH_PRESENT,False,BOTH_PRESENT,82,2.7
T_20260712_200418_666396.mp4,654,21.8,True,True,BOTH_PRESENT,False,BOTH_PRESENT,83,2.733333
T_20260712_200418_666396.mp4,655,21.833333,True,True,BOTH_PRESENT,False,BOTH_PRESENT,84,2.766666
T_20260712_200418_666396.mp4,656,21.866667,True,True,BOTH_PRESENT,False,BOTH_PRESENT,85,2.8
T_20260712_200418_666396.mp4,657,21.9,True,True,BOTH_PRESENT,False,BOTH_PRESENT,86,2.833333
T_20260712_200418_666396.mp4,658,21.933333,True,True,BOTH_PRESENT,False,BOTH_PRESENT,87,2.866666
T_20260712_200418_666396.mp4,659,21.966667,True,True,BOTH_PRESENT,False,BOTH_PRESENT,88,2.9
T_20260712_200418_666396.mp4,660,22.0,True,True,BOTH_PRESENT,False,BOTH_PRESENT,89,2.933333
T_20260712_200418_666396.mp4,661,22.033333,True,True,BOTH_PRESENT,False,BOTH_PRESENT,90,2.966666
T_20260712_200418_666396.mp4,662,22.066667,True,True,BOTH_PRESENT,False,BOTH_PRESENT,91,3.0
T_20260712_200418_666396.mp4,663,22.1,True,True,BOTH_PRESENT,False,BOTH_PRESENT,92,3.033333
T_20260712_200418_666396.mp4,664,22.133333,True,True,BOTH_PRESENT,False,BOTH_PRESENT,93,3.066666
T_20260712_200418_666396.mp4,665,22.166667,True,True,BOTH_PRESENT,False,BOTH_PRESENT,94,3.1
T_20260712_200418_666396.mp4,666,22.2,True,True,BOTH_PRESENT,False,BOTH_PRESENT,95,3.133333
T_20260712_200418_666396.mp4,667,22.233333,True,True,BOTH_PRESENT,False,BOTH_PRESENT,96,3.166666
T_20260712_200418_666396.mp4,668,22.266667,True,True,BOTH_PRESENT,False,BOTH_PRESENT,97,3.2
T_20260712_200418_666396.mp4,669,22.3,True,True,BOTH_PRESENT,False,BOTH_PRESENT,98,3.233333
T_20260712_200418_666396.mp4,670,22.333333,True,True,BOTH_PRESENT,False,BOTH_PRESENT,99,3.266666
T_20260712_200418_666396.mp4,671,22.366667,True,True,BOTH_PRESENT,False,BOTH_PRESENT,100,3.3
T_20260712_200418_666396.mp4,672,22.4,True,True,BOTH_PRESENT,False,BOTH_PRESENT,101,3.333333
T_20260712_200418_666396.mp4,673,22.433333,True,True,BOTH_PRESENT,False,BOTH_PRESENT,102,3.366666
T_20260712_200418_666396.mp4,674,22.466667,True,True,BOTH_PRESENT,False,BOTH_PRESENT,103,3.4
T_20260712_200418_666396.mp4,675,22.5,True,True,BOTH_PRESENT,False,BOTH_PRESENT,104,3.433333
T_20260712_200418_666396.mp4,676,22.533333,True,True,BOTH_PRESENT,False,BOTH_PRESENT,105,3.466666
T_20260712_200418_666396.mp4,677,22.566667,True,True,BOTH_PRESENT,False,BOTH_PRESENT,106,3.5
T_20260712_200418_666396.mp4,678,22.6,True,True,BOTH_PRESENT,False,BOTH_PRESENT,107,3.533333
T_20260712_200418_666396.mp4,679,22.633333,True,True,BOTH_PRESENT,False,BOTH_PRESENT,108,3.566666
T_20260712_200418_666396.mp4,680,22.666667,True,True,BOTH_PRESENT,False,BOTH_PRESENT,109,3.6
T_20260712_200418_666396.mp4,681,22.7,True,True,BOTH_PRESENT,False,BOTH_PRESENT,110,3.633333
T_20260712_200418_666396.mp4,682,22.733333,True,True,BOTH_PRESENT,False,BOTH_PRESENT,111,3.666666
T_20260712_200418_666396.mp4,683,22.766667,True,True,BOTH_PRESENT,False,BOTH_PRESENT,112,3.7
T_20260712_200418_666396.mp4,684,22.8,True,True,BOTH_PRESENT,False,BOTH_PRESENT,113,3.733333
T_20260712_200418_666396.mp4,685,22.833333,True,True,BOTH_PRESENT,False,BOTH_PRESENT,114,3.766666
T_20260712_200418_666396.mp4,686,22.866667,True,True,BOTH_PRESENT,False,BOTH_PRESENT,115,3.8
T_20260712_200418_666396.mp4,687,22.9,True,True,BOTH_PRESENT,False,BOTH_PRESENT,116,3.833333
T_20260712_200418_666396.mp4,688,22.933333,True,True,BOTH_PRESENT,False,BOTH_PRESENT,117,3.866666
T_20260712_200418_666396.mp4,689,22.966667,True,True,BOTH_PRESENT,False,BOTH_PRESENT,118,3.9
T_20260712_200418_666396.mp4,690,23.0,True,True,BOTH_PRESENT,False,BOTH_PRESENT,119,3.933333
T_20260712_200418_666396.mp4,691,23.033333,True,True,BOTH_PRESENT,False,BOTH_PRESENT,120,3.966666
T_20260712_200418_666396.mp4,692,23.066667,True,True,BOTH_PRESENT,False,BOTH_PRESENT,121,4.0
T_20260712_200418_666396.mp4,693,23.1,True,True,BOTH_PRESENT,False,BOTH_PRESENT,122,4.033333
T_20260712_200418_666396.mp4,694,23.133333,True,True,BOTH_PRESENT,False,BOTH_PRESENT,123,4.066666
T_20260712_200418_666396.mp4,695,23.166667,True,True,BOTH_PRESENT,False,BOTH_PRESENT,124,4.1
T_20260712_200418_666396.mp4,696,23.2,True,True,BOTH_PRESENT,False,BOTH_PRESENT,125,4.133333
T_20260712_200418_666396.mp4,697,23.233333,True,True,BOTH_PRESENT,False,BOTH_PRESENT,126,4.166666
T_20260712_200418_666396.mp4,698,23.266667,True,True,BOTH_PRESENT,False,BOTH_PRESENT,127,4.2
T_20260712_200418_666396.mp4,699,23.3,True,True,BOTH_PRESENT,False,BOTH_PRESENT,128,4.233333
T_20260712_200418_666396.mp4,700,23.333333,True,True,BOTH_PRESENT,False,BOTH_PRESENT,129,4.266666
T_20260712_200418_666396.mp4,701,23.366667,True,True,BOTH_PRESENT,False,BOTH_PRESENT,130,4.3
T_20260712_200418_666396.mp4,702,23.4,True,True,BOTH_PRESENT,False,BOTH_PRESENT,131,4.333333
T_20260712_200418_666396.mp4,703,23.433333,True,True,BOTH_PRESENT,False,BOTH_PRESENT,132,4.366666
T_20260712_200418_666396.mp4,704,23.466667,True,True,BOTH_PRESENT,False,BOTH_PRESENT,133,4.4
T_20260712_200418_666396.mp4,705,23.5,True,True,BOTH_PRESENT,False,BOTH_PRESENT,134,4.433333
T_20260712_200418_666396.mp4,706,23.533333,True,True,BOTH_PRESENT,False,BOTH_PRESENT,135,4.466666
T_20260712_200418_666396.mp4,707,23.566667,True,True,BOTH_PRESENT,False,BOTH_PRESENT,136,4.5
T_20260712_200418_666396.mp4,708,23.6,True,True,BOTH_PRESENT,False,BOTH_PRESENT,137,4.533333
T_20260712_200418_666396.mp4,709,23.633333,True,True,BOTH_PRESENT,False,BOTH_PRESENT,138,4.566666
T_20260712_200418_666396.mp4,710,23.666667,True,True,BOTH_PRESENT,False,BOTH_PRESENT,139,4.6
T_20260712_200418_666396.mp4,711,23.7,True,True,BOTH_PRESENT,False,BOTH_PRESENT,140,4.633333
T_20260712_200418_666396.mp4,712,23.733333,True,True,BOTH_PRESENT,False,BOTH_PRESENT,141,4.666666
T_20260712_200418_666396.mp4,713,23.766667,True,True,BOTH_PRESENT,False,BOTH_PRESENT,142,4.7
T_20260712_200418_666396.mp4,714,23.8,True,True,BOTH_PRESENT,False,BOTH_PRESENT,143,4.733333
T_20260712_200418_666396.mp4,715,23.833333,True,True,BOTH_PRESENT,False,BOTH_PRESENT,144,4.766666
T_20260712_200418_666396.mp4,716,23.866667,True,True,BOTH_PRESENT,False,BOTH_PRESENT,145,4.8
T_20260712_200418_666396.mp4,717,23.9,True,True,BOTH_PRESENT,False,BOTH_PRESENT,146,4.833333
T_20260712_200418_666396.mp4,718,23.933333,True,True,BOTH_PRESENT,False,BOTH_PRESENT,147,4.866666
T_20260712_200418_666396.mp4,719,23.966667,True,True,BOTH_PRESENT,False,BOTH_PRESENT,148,4.9
T_20260712_200418_666396.mp4,720,24.0,True,True,BOTH_PRESENT,False,BOTH_PRESENT,149,4.933333
T_20260712_200418_666396.mp4,721,24.033333,True,True,BOTH_PRESENT,False,BOTH_PRESENT,150,4.966666
T_20260712_200418_666396.mp4,722,24.066667,True,True,BOTH_PRESENT,False,BOTH_PRESENT,151,5.0
T_20260712_200418_666396.mp4,723,24.1,True,True,BOTH_PRESENT,False,BOTH_PRESENT,152,5.033333
T_20260712_200418_666396.mp4,724,24.133333,True,True,BOTH_PRESENT,False,BOTH_PRESENT,153,5.066666
T_20260712_200418_666396.mp4,725,24.166667,True,True,BOTH_PRESENT,False,BOTH_PRESENT,154,5.1
T_20260712_200418_666396.mp4,726,24.2,True,True,BOTH_PRESENT,False,BOTH_PRESENT,155,5.133333
T_20260712_200418_666396.mp4,727,24.233333,True,True,BOTH_PRESENT,False,BOTH_PRESENT,156,5.166666
T_20260712_200418_666396.mp4,728,24.266667,True,True,BOTH_PRESENT,False,BOTH_PRESENT,157,5.2
T_20260712_200418_666396.mp4,729,24.3,True,True,BOTH_PRESENT,False,BOTH_PRESENT,158,5.233333
T_20260712_200418_666396.mp4,730,24.333333,True,True,BOTH_PRESENT,False,BOTH_PRESENT,159,5.266666
T_20260712_200418_666396.mp4,731,24.366667,True,True,BOTH_PRESENT,False,BOTH_PRESENT,160,5.3
T_20260712_200418_666396.mp4,732,24.4,True,True,BOTH_PRESENT,False,BOTH_PRESENT,161,5.333333
T_20260712_200418_666396.mp4,733,24.433333,True,True,BOTH_PRESENT,False,BOTH_PRESENT,162,5.366666
T_20260712_200418_666396.mp4,734,24.466667,True,True,BOTH_PRESENT,False,BOTH_PRESENT,163,5.4
T_20260712_200418_666396.mp4,735,24.5,True,True,BOTH_PRESENT,False,BOTH_PRESENT,164,5.433333
T_20260712_200418_666396.mp4,736,24.533333,True,True,BOTH_PRESENT,False,BOTH_PRESENT,165,5.466666
T_20260712_200418_666396.mp4,737,24.566667,True,True,BOTH_PRESENT,False,BOTH_PRESENT,166,5.5
T_20260712_200418_666396.mp4,738,24.6,True,True,BOTH_PRESENT,False,BOTH_PRESENT,167,5.533333
T_20260712_200418_666396.mp4,739,24.633333,True,True,BOTH_PRESENT,False,BOTH_PRESENT,168,5.566666
T_20260712_200418_666396.mp4,740,24.666667,True,True,BOTH_PRESENT,False,BOTH_PRESENT,169,5.6
T_20260712_200418_666396.mp4,741,24.7,True,True,BOTH_PRESENT,False,BOTH_PRESENT,170,5.633333
T_20260712_200418_666396.mp4,742,24.733333,True,True,BOTH_PRESENT,False,BOTH_PRESENT,171,5.666666
T_20260712_200418_666396.mp4,743,24.766667,True,True,BOTH_PRESENT,False,BOTH_PRESENT,172,5.7
T_20260712_200418_666396.mp4,744,24.8,True,True,BOTH_PRESENT,False,BOTH_PRESENT,173,5.733333
T_20260712_200418_666396.mp4,745,24.833333,True,True,BOTH_PRESENT,False,BOTH_PRESENT,174,5.766666
T_20260712_200418_666396.mp4,746,24.866667,True,True,BOTH_PRESENT,False,BOTH_PRESENT,175,5.8
T_20260712_200418_666396.mp4,747,24.9,True,True,BOTH_PRESENT,False,BOTH_PRESENT,176,5.833333
T_20260712_200418_666396.mp4,748,24.933333,True,True,BOTH_PRESENT,False,BOTH_PRESENT,177,5.866666
T_20260712_200418_666396.mp4,749,24.966667,True,True,BOTH_PRESENT,False,BOTH_PRESENT,178,5.9
T_20260712_200418_666396.mp4,750,25.0,True,True,BOTH_PRESENT,False,BOTH_PRESENT,179,5.933333
T_20260712_200418_666396.mp4,751,25.033333,True,True,BOTH_PRESENT,False,BOTH_PRESENT,180,5.966666
T_20260712_200418_666396.mp4,752,25.066667,True,True,BOTH_PRESENT,False,BOTH_PRESENT,181,6.0
T_20260712_200418_666396.mp4,753,25.1,True,True,BOTH_PRESENT,False,BOTH_PRESENT,182,6.033333
T_20260712_200418_666396.mp4,754,25.133333,True,True,BOTH_PRESENT,False,BOTH_PRESENT,183,6.066666
T_20260712_200418_666396.mp4,755,25.166667,True,True,BOTH_PRESENT,False,BOTH_PRESENT,184,6.1
T_20260712_200418_666396.mp4,756,25.2,True,True,BOTH_PRESENT,False,BOTH_PRESENT,185,6.133333
T_20260712_200418_666396.mp4,757,25.233333,True,True,BOTH_PRESENT,False,BOTH_PRESENT,186,6.166666
T_20260712_200418_666396.mp4,758,25.266667,True,True,BOTH_PRESENT,False,BOTH_PRESENT,187,6.2
T_20260712_200418_666396.mp4,759,25.3,True,True,BOTH_PRESENT,False,BOTH_PRESENT,188,6.233333
T_20260712_200418_666396.mp4,760,25.333333,True,True,BOTH_PRESENT,False,BOTH_PRESENT,189,6.266666
T_20260712_200418_666396.mp4,761,25.366667,True,True,BOTH_PRESENT,False,BOTH_PRESENT,190,6.3
T_20260712_200418_666396.mp4,762,25.4,True,True,BOTH_PRESENT,False,BOTH_PRESENT,191,6.333333
T_20260712_200418_666396.mp4,763,25.433333,True,True,BOTH_PRESENT,False,BOTH_PRESENT,192,6.366666
T_20260712_200418_666396.mp4,764,25.466667,True,True,BOTH_PRESENT,False,BOTH_PRESENT,193,6.4
T_20260712_200418_666396.mp4,765,25.5,True,True,BOTH_PRESENT,False,BOTH_PRESENT,194,6.433333
T_20260712_200418_666396.mp4,766,25.533333,True,True,BOTH_PRESENT,False,BOTH_PRESENT,195,6.466666
T_20260712_200418_666396.mp4,767,25.566667,True,True,BOTH_PRESENT,False,BOTH_PRESENT,196,6.5
T_20260712_200418_666396.mp4,768,25.6,True,True,BOTH_PRESENT,False,BOTH_PRESENT,197,6.533333
T_20260712_200418_666396.mp4,769,25.633333,True,True,BOTH_PRESENT,False,BOTH_PRESENT,198,6.566666
T_20260712_200418_666396.mp4,770,25.666667,True,True,BOTH_PRESENT,False,BOTH_PRESENT,199,6.6
T_20260712_200418_666396.mp4,771,25.7,True,True,BOTH_PRESENT,False,BOTH_PRESENT,200,6.633333
T_20260712_200418_666396.mp4,772,25.733333,True,True,BOTH_PRESENT,False,BOTH_PRESENT,201,6.666666
T_20260712_200418_666396.mp4,773,25.766667,True,True,BOTH_PRESENT,False,BOTH_PRESENT,202,6.7
T_20260712_200418_666396.mp4,774,25.8,True,True,BOTH_PRESENT,False,BOTH_PRESENT,203,6.733333
T_20260712_200418_666396.mp4,775,25.833333,True,True,BOTH_PRESENT,False,BOTH_PRESENT,204,6.766666
T_20260712_200418_666396.mp4,776,25.866667,True,True,BOTH_PRESENT,False,BOTH_PRESENT,205,6.8
T_20260712_200418_666396.mp4,777,25.9,True,True,BOTH_PRESENT,False,BOTH_PRESENT,206,6.833333
T_20260712_200418_666396.mp4,778,25.933333,True,True,BOTH_PRESENT,False,BOTH_PRESENT,207,6.866666
T_20260712_200418_666396.mp4,779,25.966667,True,True,BOTH_PRESENT,False,BOTH_PRESENT,208,6.9
T_20260712_200418_666396.mp4,780,26.0,True,True,BOTH_PRESENT,False,BOTH_PRESENT,209,6.933333
T_20260712_200418_666396.mp4,781,26.033333,True,True,BOTH_PRESENT,False,BOTH_PRESENT,210,6.966666
T_20260712_200418_666396.mp4,782,26.066667,True,True,BOTH_PRESENT,False,BOTH_PRESENT,211,7.0
