image_filename,read_success,width,height,resolution_ok,blur_score,is_blurry,mean_brightness,is_too_dark,is_too_bright,contrast_score,is_low_contrast,sha256,is_exact_duplicate,duplicate_of,warning_count,review_required
T_20260712_195606_753667_frame_000000.jpg,True,1280,720,True,104.74,False,106.947,False,False,62.203,False,c101bae0154d2382d286ea246962a05f3dc3f3f0afa34816d5d06c5703c98c41,False,,0,False
T_20260712_195606_753667_frame_000030.jpg,True,1280,720,True,110.861,False,108.981,False,False,63.506,False,a62f17bb3251a03708650bf46486516520fb2824276110874e1532cd205465d8,False,,0,False
T_20260712_195606_753667_frame_000060.jpg,True,1280,720,True,112.368,False,108.907,False,False,63.489,False,c5635463433eaf9e8eabf494e14d64df06c35be6e368aafc9e889e48513c232d,False,,0,False
T_20260712_195606_753667_frame_000090.jpg,True,1280,720,True,107.764,False,107.335,False,False,62.12,False,0349acd714ba06f3cf75f4d5f8b75227755559cfa352279771d0f4b06e25e3e0,False,,0,False
T_20260712_195606_753667_frame_000120.jpg,True,1280,720,True,105.153,False,105.416,False,False,61.17,False,aa11ac5c4aa13bf90c26481a88af79e1371a5679b9e710bfd9a9a2ffaa0cdd57,False,,0,False
T_20260712_195606_753667_frame_000150.jpg,True,1280,720,True,4.76,True,106.927,False,False,59.289,False,7c177bcb381b17c01b6f6ee33d10ccbfc2481ad8bb9fa4ec4b2d5d6d09b7ab4d,False,,1,True
T_20260712_195606_753667_frame_000180.jpg,True,1280,720,True,105.838,False,105.321,False,False,60.856,False,f23a6b89581c958ee348efa4dd815d3028226dfb8629661851e8cd7fb16b1f80,False,,0,False
T_20260712_195649_403972_frame_000000.jpg,True,1280,720,True,103.234,False,105.191,False,False,60.83,False,01cd36aa11b5a6417a5b6a1e10b88128ee3e21ad54d8d8af22003ac63eceab83,False,,0,False
T_20260712_195649_403972_frame_000030.jpg,True,1280,720,True,115.705,False,109.497,False,False,63.611,False,79605772c2a5f510bb498dc6b54ae4a8cf4d5701aa37ad6b9b4a058491d06578,False,,0,False
T_20260712_195649_403972_frame_000060.jpg,True,1280,720,True,121.475,False,108.111,False,False,64.178,False,e199102b68f415f99548dfbcdba9608b2550e920d95cb6b4a5239ac3aa3f13ae,False,,0,False
T_20260712_195649_403972_frame_000090.jpg,True,1280,720,True,126.382,False,110.605,False,False,64.002,False,8a29e7542305e86df0e8f3556cbd4dde8a3ebe4afc6c31c7f7db6afba36fb923,False,,0,False
T_20260712_195649_403972_frame_000120.jpg,True,1280,720,True,125.212,False,108.86,False,False,63.251,False,179d2effa54d5f1ebe5a68f3f83dcce9b69f618293688dccd1da09c742c6ebda,False,,0,False
T_20260712_195649_403972_frame_000150.jpg,True,1280,720,True,114.236,False,105.066,False,False,60.878,False,ad0a9c5612c4e9b26baad9a1d1f4a8e6d5a730bbe68fe5e514ff594de4172a4b,False,,0,False
T_20260712_195649_403972_frame_000180.jpg,True,1280,720,True,115.488,False,105.641,False,False,61.077,False,cdb8c204d0a34980d417e4fbb3c69c68823b26b6aa53498921680afe7b858eff,False,,0,False
T_20260712_195649_403972_frame_000210.jpg,True,1280,720,True,113.749,False,105.48,False,False,60.995,False,0259d8d134976011b355465edf8440fe1983b533fd2c855441b7794127225e71,False,,0,False
T_20260712_195728_922976_frame_000000.jpg,True,1280,720,True,113.045,False,105.534,False,False,61.107,False,bcf1020c4b0807ef5b4f1e9d0b29fd5cd61e4a4159f0cbbc8d7796331d34f0a0,False,,0,False
T_20260712_195728_922976_frame_000030.jpg,True,1280,720,True,144.5,False,115.985,False,False,66.747,False,1886747e1688e2522fc63de9ec63efc136a3a98ab94025932dc46812a98d7bf4,False,,0,False
T_20260712_195728_922976_frame_000060.jpg,True,1280,720,True,148.03,False,117.546,False,False,67.345,False,f77bb99c618b9b6fa1696036974abeaac784101208f0a31eaed586c04eddf69e,False,,0,False
T_20260712_195728_922976_frame_000090.jpg,True,1280,720,True,144.394,False,114.838,False,False,65.675,False,ddfac4a13ac050ea9059e23ef043c66ac390b34ea9901b705ed603a25bb04980,False,,0,False
T_20260712_195728_922976_frame_000120.jpg,True,1280,720,True,130.198,False,109.14,False,False,62.997,False,a110dfc2a53d6cd4fb91c53ed7146ba14c467d4baa00bfddf880fca728a1d660,False,,0,False
T_20260712_195728_922976_frame_000150.jpg,True,1280,720,True,131.52,False,109.884,False,False,63.16,False,182f9459fb4adb63e45d019885f2d2d298c825bc108e0cd1315a4b8a71b0b1d6,False,,0,False
T_20260712_195728_922976_frame_000180.jpg,True,1280,720,True,132.13,False,110.05,False,False,63.144,False,38ddc88ff2b3415917619eb83c03cef7b4d7aed94cf5082aa13c52e62dc17e7e,False,,0,False
T_20260712_195753_424095_frame_000000.jpg,True,1280,720,True,127.618,False,108.588,False,False,62.675,False,9ffd412833153cd8da5fc83fd147244198b280e7a69f4432e9df184bab56025a,False,,0,False
T_20260712_195753_424095_frame_000030.jpg,True,1280,720,True,149.378,False,116.296,False,False,66.492,False,e1a07abee1ea6bf4b24a17b19e2ebd7f7b3495749a68f46faf0ac33c9e22e4ef,False,,0,False
T_20260712_195753_424095_frame_000060.jpg,True,1280,720,True,144.658,False,114.339,False,False,66.343,False,23f9105516579e8fe5006d89300512cfb6b4e44fad8d831eda014d85eb6550bd,False,,0,False
T_20260712_195753_424095_frame_000090.jpg,True,1280,720,True,147.013,False,115.101,False,False,66.348,False,45820c56b339734b3b39588f9f1f83c5b8ad6feb5efe1b8b437e764c52e7cb4e,False,,0,False
T_20260712_195753_424095_frame_000120.jpg,True,1280,720,True,142.792,False,113.866,False,False,65.581,False,482704272c853f171285e0a4f629250261e73f5a0b4a0f65794c4d9cd02466dc,False,,0,False
T_20260712_195753_424095_frame_000150.jpg,True,1280,720,True,140.2,False,112.401,False,False,64.702,False,3589aa09e9fc2c296f0f90a1b8325600c69835c84c5769f9cc0fc4b69ba8fdff,False,,0,False
T_20260712_195837_322396_frame_000000.jpg,True,1280,720,True,135.514,False,110.946,False,False,63.931,False,ef2f42c42a40791f20466366ef58850c7b365455ba679ee55f7bac1919cfaae0,False,,0,False
T_20260712_195837_322396_frame_000030.jpg,True,1280,720,True,143.072,False,113.236,False,False,67.027,False,0ffcb719b49cc9de12ba4c080695b372bc495fba598e80f15d2532a82f122cb8,False,,0,False
T_20260712_195837_322396_frame_000060.jpg,True,1280,720,True,147.833,False,114.993,False,False,67.672,False,04a9add4a35986f23f9874e4af8566db30d8ac1e660e1487b4b822dbc1aaf767,False,,0,False
T_20260712_195837_322396_frame_000090.jpg,True,1280,720,True,142.178,False,112.951,False,False,66.477,False,fa9730dc490fc8d1ef6c03fb38888f184d8317dc3f082400f5049a6c9a452379,False,,0,False
T_20260712_195837_322396_frame_000120.jpg,True,1280,720,True,144.1,False,113.092,False,False,66.984,False,e837faad40d3223c16ca2440abac991a2cf212afa61f8ea58474c42ef85e6b86,False,,0,False
T_20260712_195837_322396_frame_000150.jpg,True,1280,720,True,138.92,False,109.272,False,False,64.495,False,f37001894f72860a54bd99056d767a7cdbefe315c3650441d0062dd52dec03c4,False,,0,False
T_20260712_195837_322396_frame_000180.jpg,True,1280,720,True,132.524,False,105.107,False,False,62.595,False,7eeed2f1ba141719528dca6776bf9535a91a2d03ad4697676c38610772c0937f,False,,0,False
T_20260712_195837_322396_frame_000210.jpg,True,1280,720,True,153.067,False,109.146,False,False,63.986,False,5547413a0d448a368bba2f211b8a2fc8b3e1ab66aa56afe8d33c1545ee882207,False,,0,False
T_20260712_195837_322396_frame_000240.jpg,True,1280,720,True,152.937,False,109.38,False,False,65.885,False,db1385b2a8d25898402072ea87512ce1d08b8611b142722bd82b7bd26caf5e0e,False,,0,False
T_20260712_195837_322396_frame_000270.jpg,True,1280,720,True,154.574,False,111.435,False,False,66.157,False,83b858dded5d26978c8668617f018699f41d3675c3aad02ed51a741cdc3d1eaa,False,,0,False
T_20260712_195933_076767_frame_000000.jpg,True,1280,720,True,142.674,False,110.36,False,False,63.734,False,bc2b60cd14574d2c8fdcf30ea505bf771eef888a40c2185f3cd1bcc4c6048748,False,,0,False
T_20260712_195933_076767_frame_000030.jpg,True,1280,720,True,164.158,False,122.686,False,False,70.03,False,6680683656c8f60928af94cb39f0106d1ff6d0e4728ed68c442db43fbda33ea9,False,,0,False
T_20260712_195933_076767_frame_000060.jpg,True,1280,720,True,151.005,False,115.771,False,False,66.357,False,7135083c5d6ff37ea07cabb45db346534689b94d41430118ef8e160385e3d50e,False,,0,False
T_20260712_195933_076767_frame_000090.jpg,True,1280,720,True,151.919,False,116.735,False,False,66.778,False,301287f131f80ba750bdb213c74ef385618224fd2f295000202e30a222738090,False,,0,False
T_20260712_195933_076767_frame_000120.jpg,True,1280,720,True,155.508,False,118.052,False,False,67.398,False,ff716132f5a88d559c51ee6ba326eb81a13021bf4fc3d65bc8782b1d2061bf8f,False,,0,False
T_20260712_195933_076767_frame_000150.jpg,True,1280,720,True,154.016,False,118.121,False,False,67.486,False,dbcfd01072d5cd87ca4f3dd407c7adf6fb51f116b96e92c18661e5f1b6e7af74,False,,0,False
T_20260712_200002_161235_frame_000000.jpg,True,1280,720,True,151.629,False,117.122,False,False,67.142,False,ef58b8584a15481472eb639277ab414d29c6f9ae73e4e3858797b5531220bd54,False,,0,False
T_20260712_200002_161235_frame_000030.jpg,True,1280,720,True,174.563,False,126.708,False,False,72.475,False,46340062ce2db44ee16ba19f95895ebcb3297c575c18e50d364fe331bf0afff3,False,,0,False
T_20260712_200002_161235_frame_000060.jpg,True,1280,720,True,176.757,False,125.344,False,False,71.664,False,e399e92ac4f5f4b2eaeedd13e026ab70990a70fc5db79b4c32be5c9791aabbef,False,,0,False
T_20260712_200002_161235_frame_000090.jpg,True,1280,720,True,170.739,False,122.469,False,False,70.464,False,152324f353f8d11f4e3a27ecbf9bd516125b17e9b42603a287ae09456ae6be72,False,,0,False
T_20260712_200002_161235_frame_000120.jpg,True,1280,720,True,170.693,False,122.739,False,False,70.539,False,26125ffc199a8c823b642245ee97905b62c5c03dded9d5ec33c37ac1c9107a0e,False,,0,False
T_20260712_200002_161235_frame_000150.jpg,True,1280,720,True,166.043,False,119.212,False,False,68.24,False,45aade1c57fc10f68aaa530041de448bbd2c9c17726ae4143ec1f0b431fbd69d,False,,0,False
T_20260712_200002_161235_frame_000180.jpg,True,1280,720,True,161.525,False,118.149,False,False,67.579,False,2d0a0fcb123b069818e24b20ace2756e32fc9cc4d062bfd3a6758d300f3e5c5b,False,,0,False
T_20260712_200033_240601_frame_000000.jpg,True,1280,720,True,159.7,False,117.78,False,False,67.5,False,6707b115b14ec383c513eafb8ce5ba3b8879946fd3670ce7bcf6cf2ca7426a80,False,,0,False
T_20260712_200033_240601_frame_000030.jpg,True,1280,720,True,163.056,False,124.748,False,False,71.767,False,f4a7bc73ff58a784f3c029d4bc3200847ce692195a706127da4a6d6455b38961,False,,0,False
T_20260712_200033_240601_frame_000060.jpg,True,1280,720,True,162.903,False,123.646,False,False,71.124,False,4e7292c440800d2cb504b0c0d7d1a843fa3d909c67bcf74d0171aa8b396bf227,False,,0,False
T_20260712_200033_240601_frame_000090.jpg,True,1280,720,True,151.017,False,118.122,False,False,67.951,False,8abcbaaa0dfd2f53ba71d5f613e35dc17daec6038b0c9aa5bc942a06eca4f3fc,False,,0,False
T_20260712_200033_240601_frame_000120.jpg,True,1280,720,True,148.814,False,117.39,False,False,67.732,False,2c845a617796fd478b6046a0c43dc2d40cf8c766d2593365d094e204f898223c,False,,0,False
T_20260712_200033_240601_frame_000150.jpg,True,1280,720,True,150.439,False,117.916,False,False,67.952,False,86bcb35d5ed2f031fa6962dce493bb0a78dd4544a942c5cd8bdde24a3333f284,False,,0,False
T_20260712_200051_593408_frame_000000.jpg,True,1280,720,True,147.949,False,117.834,False,False,67.853,False,f8b1daa9fa942d7e937536c8fe8ed675ed0c8ff91115e87f8939a14884706ca7,False,,0,False
T_20260712_200051_593408_frame_000030.jpg,True,1280,720,True,157.073,False,119.061,False,False,69.919,False,33bef303352b77db0603f2a925a4aad7bf8a5cf1c5fad2f4a5e4608463355cb8,False,,0,False
T_20260712_200051_593408_frame_000060.jpg,True,1280,720,True,152.149,False,118.474,False,False,69.413,False,b91a586406af207145df2efeeca5fb6f67feb188efb72f7ceb32ebbd2a080b29,False,,0,False
T_20260712_200051_593408_frame_000090.jpg,True,1280,720,True,148.885,False,114.251,False,False,67.84,False,8259f197400665ebeecdfd9555098593c6cc4a5e308059a7bc265d13915ab8ba,False,,0,False
T_20260712_200051_593408_frame_000120.jpg,True,1280,720,True,146.11,False,113.744,False,False,66.844,False,4502cbdc4b62eea5c0c9b461bd864081d0fe71dd67a5f1ffe1998976e7af503a,False,,0,False
T_20260712_200051_593408_frame_000150.jpg,True,1280,720,True,141.037,False,111.019,False,False,65.613,False,eb1d6496344dd726c34233c082c541e7ad4e106295d44aed8b5f83934e4a9ae7,False,,0,False
T_20260712_200051_593408_frame_000180.jpg,True,1280,720,True,142.351,False,110.251,False,False,65.403,False,653a57dd829b77f2011f09960040c5a3695fb78fcafc97a0b2fccb03b014b94c,False,,0,False
T_20260712_200051_593408_frame_000210.jpg,True,1280,720,True,145.636,False,111.865,False,False,65.696,False,8441612c6e3eff2d4097c7d808f94a33e8d8733ee441946f6b5535e568dc9bce,False,,0,False
T_20260712_200051_593408_frame_000240.jpg,True,1280,720,True,144.054,False,110.214,False,False,64.418,False,f258652f70ea080ffa332d2e80666483e7dac2794e5a6634d1bb57e95afc894c,False,,0,False
T_20260712_200051_593408_frame_000270.jpg,True,1280,720,True,139.122,False,109.788,False,False,63.991,False,a8f9062b76cc525636b9b74828f51aa09cb1c9fd6f31e698c69085fb0efb993a,False,,0,False
T_20260712_200051_593408_frame_000300.jpg,True,1280,720,True,141.752,False,109.058,False,False,64.187,False,754fb299b8352a2b0e9cc25bf5ac9759a996f8ff16fe74a5500c359eabc9d9e5,False,,0,False
T_20260712_200051_593408_frame_000330.jpg,True,1280,720,True,137.297,False,110.279,False,False,64.503,False,6c50f57f38f286e1e3b379b8c928e3a6e7512064588e1251f618302bce1f4ae3,False,,0,False
T_20260712_200134_229147_frame_000000.jpg,True,1280,720,True,145.461,False,112.001,False,False,65.321,False,b9dbaeb6ccdc59e2d7cbb2ef98c4f3d204ccfff5bbeaeccfeaf97fc283bfae57,False,,0,False
T_20260712_200134_229147_frame_000030.jpg,True,1280,720,True,161.197,False,126.325,False,False,73.093,False,591dfeeec2e34154a9ea8ef098eee8a08b887ad3cc4adf35c177f6f1a87f7c1e,False,,0,False
T_20260712_200134_229147_frame_000060.jpg,True,1280,720,True,157.415,False,124.973,False,False,72.024,False,b073430271a84108e76bb8b3baab91fee4c9996ffe31d4c75c810fb881fd7e3a,False,,0,False
T_20260712_200134_229147_frame_000090.jpg,True,1280,720,True,152.063,False,120.551,False,False,69.564,False,699d726c90811bdca8cbf5df45a2e938a0898eca64533e5289f731f081dd436e,False,,0,False
T_20260712_200134_229147_frame_000120.jpg,True,1280,720,True,149.656,False,119.628,False,False,69.296,False,10d41fe0b883a3c81da915b7f1a22037a029c14b0b8cdb387733d6e0f859df75,False,,0,False
T_20260712_200134_229147_frame_000150.jpg,True,1280,720,True,154.065,False,121.681,False,False,70.062,False,b6082e404a757dcdd55c239245375cb96c33fb056eead81c1622b7f76facef6c,False,,0,False
T_20260712_200134_229147_frame_000180.jpg,True,1280,720,True,152.233,False,120.789,False,False,69.688,False,7969684cd946560ac41c83ad50dea1388f16cb61889b3d8eb09b5a38d46ee50e,False,,0,False
T_20260712_200203_900296_frame_000000.jpg,True,1280,720,True,147.164,False,118.889,False,False,69.08,False,c96cf28547572b39ebf54e65525458e60f0cb0201b1b30d8b244a451467a0c2d,False,,0,False
T_20260712_200203_900296_frame_000030.jpg,True,1280,720,True,138.815,False,113.047,False,False,66.498,False,7aaaaa6c0d80f139cd68806816a7357897dd2dd97a4a5cbe2bd0afc4e5b4e982,False,,0,False
T_20260712_200203_900296_frame_000060.jpg,True,1280,720,True,135.371,False,110.363,False,False,65.016,False,b1e90adcc70b29ae01c97f0a2c571bf12c832dd6466264cc70ab0d62afa90fac,False,,0,False
T_20260712_200203_900296_frame_000090.jpg,True,1280,720,True,135.124,False,108.482,False,False,62.984,False,a36404d346c60fa6625bb17cf01a317ac1d7d4b61a0da0aa816b50f34b1ddd8d,False,,0,False
T_20260712_200203_900296_frame_000120.jpg,True,1280,720,True,132.962,False,107.966,False,False,62.783,False,66cf8defb08198d86fd4c5451d13f7bc7e56358938de9dec2a7fbd88249091d8,False,,0,False
T_20260712_200203_900296_frame_000150.jpg,True,1280,720,True,132.421,False,107.883,False,False,62.764,False,3f5de89fb19e41706397d0a1a41c9584f8e166a7f8585dc1c17b558a758c9c5e,False,,0,False
T_20260712_200203_900296_frame_000180.jpg,True,1280,720,True,132.335,False,108.035,False,False,62.857,False,092b913dad14dc553e97762855786805e4f1e8465fc24689c0d6b13cb5984f56,False,,0,False
T_20260712_200241_482341_frame_000000.jpg,True,1280,720,True,129.561,False,107.892,False,False,62.827,False,c453dbdeeec7d6c230e5d3f9863778db1f6b6e17ff5c8a6f82dde0fddeceb9d3,False,,0,False
T_20260712_200241_482341_frame_000030.jpg,True,1280,720,True,171.375,False,118.543,False,False,72.173,False,234fa79ca287fd03f19a0dcd13868c77d3bde3dd5cbffe7d6156cca72240bfec,False,,0,False
T_20260712_200241_482341_frame_000060.jpg,True,1280,720,True,165.723,False,116.761,False,False,71.381,False,e029c25bbee49bbe58094409eadf065188277eb8276cce54e1a1ed3155282cbd,False,,0,False
T_20260712_200241_482341_frame_000090.jpg,True,1280,720,True,165.284,False,117.806,False,False,71.597,False,323407fbe90ccd4a13bf17963793d009a0a85a910c89af7319c3029f547d50ff,False,,0,False
T_20260712_200241_482341_frame_000120.jpg,True,1280,720,True,166.218,False,117.231,False,False,71.412,False,2243631238573a3fb36923348c85113564e02cf819d6f36c4ca67c343eb05f30,False,,0,False
T_20260712_200241_482341_frame_000150.jpg,True,1280,720,True,164.882,False,117.104,False,False,71.702,False,dbadef3e5275ed5cf18b0cc9217de430a11a86993f9b88f2cac3b86283a112c7,False,,0,False
T_20260712_200241_482341_frame_000180.jpg,True,1280,720,True,161.113,False,113.085,False,False,68.649,False,ba2d136e93d1c386c4e4866cf819ab704f119d7d45fee2a19c50eb4fe1355d30,False,,0,False
T_20260712_200241_482341_frame_000210.jpg,True,1280,720,True,157.338,False,111.245,False,False,67.817,False,ba27b3102576b2b8b0a4b9ed6e494ae7607f6797e46a3e26c0377d3dd7349fd7,False,,0,False
T_20260712_200303_171698_frame_000000.jpg,True,1280,720,True,143.812,False,111.087,False,False,67.781,False,3d51ebc94064cc02eb85b2ef836e44ad03d6e4f7182303e4b10f40230b714d1c,False,,0,False
T_20260712_200303_171698_frame_000030.jpg,True,1280,720,True,164.285,False,114.497,False,False,70.419,False,1d4a2bdeee4f47624652d701f1074675b0fd8ebdea2870fdc255cebc6b7b6666,False,,0,False
T_20260712_200303_171698_frame_000060.jpg,True,1280,720,True,164.506,False,116.375,False,False,70.873,False,a961bcd5b982a7c42e0695463952211691c43e4708124a4df24cd3577e1c092c,False,,0,False
T_20260712_200303_171698_frame_000090.jpg,True,1280,720,True,165.971,False,116.369,False,False,71.802,False,5cbd3012229022485dbf77cbedabf73143cca8a464d03db1a0509e0382433dd8,False,,0,False
T_20260712_200303_171698_frame_000120.jpg,True,1280,720,True,168.863,False,117.252,False,False,70.985,False,80e6d81afd2c990ab2ac6c422f34f216b516d1658060aabe50af37966536f628,False,,0,False
T_20260712_200303_171698_frame_000150.jpg,True,1280,720,True,164.723,False,115.023,False,False,70.986,False,c7e2ac4d0e1d7bdf3e1bd94d541a6f7bbaca0dbb4ecbb7cda4abb37e8bf49a42,False,,0,False
T_20260712_200303_171698_frame_000180.jpg,True,1280,720,True,166.947,False,116.666,False,False,70.617,False,5e0c8f81fb3aae41d96fa4a1c984a6aa3ee475b0945f6496948bc77898150128,False,,0,False
T_20260712_200303_171698_frame_000210.jpg,True,1280,720,True,159.671,False,113.282,False,False,68.257,False,0304c3e281d6bca432e95dd9587e6aafa99e840b9a428fc4e7c2ff4f64cc795f,False,,0,False
T_20260712_200303_171698_frame_000240.jpg,True,1280,720,True,163.41,False,115.105,False,False,69.045,False,c1c5487b4187004b935c7d5c546160040b2cc43666820a0de3de329d61fbd234,False,,0,False
T_20260712_200303_171698_frame_000270.jpg,True,1280,720,True,147.87,False,116.576,False,False,69.674,False,947f53e9eb914f407a7e61d1908594141c8d1b743b05f00cefb58c980f4f4800,False,,0,False
T_20260712_200303_171698_frame_000300.jpg,True,1280,720,True,175.433,False,115.479,False,False,68.933,False,884c004cf632d2000d21d744c9a7f09b8468abb1736fce8d38179a4d17563a6c,False,,0,False
T_20260712_200303_171698_frame_000330.jpg,True,1280,720,True,168.956,False,117.102,False,False,69.146,False,b7a3b89986bb743806a7e3ab514e60ab85842a11598d34c16c8eb1ecca949c56,False,,0,False
T_20260712_200303_171698_frame_000360.jpg,True,1280,720,True,177.591,False,118.184,False,False,70.588,False,432b05bfcdda3268b3927ce3e7c1038341eefb7c1ea41425df6d208846840a78,False,,0,False
T_20260712_200303_171698_frame_000390.jpg,True,1280,720,True,177.061,False,117.686,False,False,70.667,False,fdfd67152b9358c0d22a8c49ca130436304c37e183064fb2a6e513ebfa35b9dc,False,,0,False
T_20260712_200340_371645_frame_000000.jpg,True,1280,720,True,156.648,False,114.802,False,False,67.583,False,af5584fbd8f5292531188a239b28e53ad9c6170029a461de4e1fe56856325031,False,,0,False
T_20260712_200340_371645_frame_000030.jpg,True,1280,720,True,160.333,False,118.722,False,False,68.526,False,3cef13632b7b7b51bdbd1bee319b66af5b8f43866366d2bbea2a9e5ee8aa9b07,False,,0,False
T_20260712_200340_371645_frame_000060.jpg,True,1280,720,True,179.366,False,120.485,False,False,71.285,False,4e71ff31b8268396f3197ff02f64f4d768116f92b2859eded3e7ecdcba172f63,False,,0,False
T_20260712_200340_371645_frame_000090.jpg,True,1280,720,True,158.853,False,109.647,False,False,67.424,False,df0a93c6e4fe44c5649e88ffc22602864fd0871dc3df541aeace04711f3f6606,False,,0,False
T_20260712_200340_371645_frame_000120.jpg,True,1280,720,True,168.08,False,122.111,False,False,70.32,False,0e61d42c788e22fc43659a3157261fa3a78adad8be31c0eed30662a790011cfe,False,,0,False
T_20260712_200340_371645_frame_000150.jpg,True,1280,720,True,187.507,False,122.424,False,False,71.361,False,d1fc968f995ee429db6226c28796462b253d42de9a511c6c1ea3d9976a12b3a2,False,,0,False
T_20260712_200340_371645_frame_000180.jpg,True,1280,720,True,178.906,False,120.425,False,False,71.592,False,1f6cbc351c3501cf23876362f839da823cf4ea2f3e925015f2cb8d7694c6f823,False,,0,False
T_20260712_200340_371645_frame_000210.jpg,True,1280,720,True,150.545,False,112.198,False,False,65.805,False,abd02e7d625149381281191382a1631eb9f0a7f524813ce7b541bc543d834bcc,False,,0,False
T_20260712_200340_371645_frame_000240.jpg,True,1280,720,True,153.689,False,111.908,False,False,66.199,False,7d3b39ae92276467a9ba642aca1b293f8d331a1dc7c1452fe125d4b9326e50ad,False,,0,False
T_20260712_200340_371645_frame_000270.jpg,True,1280,720,True,159.103,False,113.44,False,False,66.31,False,05337492a5905897d566d61fba292ee10a7ece58bb46e21f227b0b6e2993506c,False,,0,False
T_20260712_200340_371645_frame_000300.jpg,True,1280,720,True,147.195,False,107.267,False,False,64.241,False,6414022be451db4a483c110864a980038c0f9b9e0eab2de030c374a619be5e6c,False,,0,False
T_20260712_200340_371645_frame_000330.jpg,True,1280,720,True,164.782,False,114.265,False,False,67.165,False,75fd22e41bf3430b60ee1148013cfe11295de01274cc3118678f24ba0bd71ad5,False,,0,False
T_20260712_200340_371645_frame_000360.jpg,True,1280,720,True,161.68,False,109.922,False,False,66.267,False,7bbe6e5e716a063a545fd4f38b63edc8af7fdf247acc7f9df0f6a4d34cb422ea,False,,0,False
T_20260712_200340_371645_frame_000390.jpg,True,1280,720,True,153.37,False,110.547,False,False,64.765,False,a9f59e64efe9d96a424bf0ff40e82fc63adca41cb8ae84077ff399a4cc681e2d,False,,0,False
T_20260712_200340_371645_frame_000420.jpg,True,1280,720,True,156.244,False,109.386,False,False,64.196,False,9022fa2f22af0277841bf384d47f1fc8ab1b28fd2a5dcf4a2c1c293f6ff570de,False,,0,False
T_20260712_200340_371645_frame_000450.jpg,True,1280,720,True,166.184,False,119.526,False,False,67.812,False,7bb08b88023b0d2654d32d36f4691b17eb95903845adca613cd7fef80c7f948d,False,,0,False
T_20260712_200418_666396_frame_000000.jpg,True,1280,720,True,152.239,False,120.863,False,False,68.886,False,f494552b4b80df8504699b34b877a5b95fdd9e9d07b591fe352cc71665d7d444,False,,0,False
T_20260712_200418_666396_frame_000030.jpg,True,1280,720,True,167.998,False,117.422,False,False,69.328,False,99dcc952ffc0ca1e142d22a002bc44eaf333e5c4408e5ab6ed7cac21da42ed29,False,,0,False
T_20260712_200418_666396_frame_000060.jpg,True,1280,720,True,165.485,False,114.026,False,False,68.725,False,d2df36b5f5ed7b36da3464b8195bd90362af36996b4c014dde4ceed0792b7d37,False,,0,False
T_20260712_200418_666396_frame_000090.jpg,True,1280,720,True,161.534,False,112.7,False,False,68.49,False,e135541eecd0fafd4b9937054f728cca34878de81f41d6aa02acde413bd78a91,False,,0,False
T_20260712_200418_666396_frame_000120.jpg,True,1280,720,True,162.104,False,114.845,False,False,68.897,False,f27eeb269e05598e5ca6b435ba9db6be8dcf879de915236ec70d2a36467862fc,False,,0,False
T_20260712_200418_666396_frame_000150.jpg,True,1280,720,True,152.954,False,115.796,False,False,67.348,False,87474f8074e59d826f4e8522712adf27303ae1598739e87d71f4a83d82c6b1f1,False,,0,False
T_20260712_200418_666396_frame_000180.jpg,True,1280,720,True,160.864,False,116.03,False,False,68.044,False,ddd393be403de07817918d288d758a074a90217dbfd23ed6544d18b7f0186d77,False,,0,False
T_20260712_200418_666396_frame_000210.jpg,True,1280,720,True,171.761,False,119.596,False,False,71.04,False,17f22097adbf00ff97cb177fce3c197b22228bb11adfc007ae6e2adc2b960eee,False,,0,False
T_20260712_200418_666396_frame_000240.jpg,True,1280,720,True,175.185,False,119.718,False,False,70.53,False,1ab8b207150fc6782d34414f2660e8f8e26ab5c673a7a86196f6497f49c7960e,False,,0,False
T_20260712_200418_666396_frame_000270.jpg,True,1280,720,True,155.26,False,113.044,False,False,68.139,False,f5f127ceae895c8d6f205223256510f3d782f33e58350e0417dbb8d58c390f40,False,,0,False
T_20260712_200418_666396_frame_000300.jpg,True,1280,720,True,160.091,False,115.051,False,False,68.94,False,5d5f699178bfb9c41d4f352a95a53bbd01bfb596fd1a47673ba6efb82b3d98b0,False,,0,False
T_20260712_200418_666396_frame_000330.jpg,True,1280,720,True,161.597,False,111.878,False,False,69.167,False,ec4a53ccaf3622396ba270625a12db2f706aec11361e8528e112310823c6a23f,False,,0,False
T_20260712_200418_666396_frame_000360.jpg,True,1280,720,True,160.263,False,114.399,False,False,66.416,False,147b1c265390f94a70e6a00d64fe4d6bc5ae2284f6f02ee7d4edf3c735eb0f28,False,,0,False
T_20260712_200418_666396_frame_000390.jpg,True,1280,720,True,143.069,False,108.102,False,False,66.57,False,4ffb5518d1e90669752c5884eeefe0437861e31ff38b4f4061178e82a1f37140,False,,0,False
T_20260712_200418_666396_frame_000420.jpg,True,1280,720,True,150.41,False,113.939,False,False,68.373,False,2a37cc771eafa9fad8ce063aef7152a80c561f7a87548f3dd984bca835b6199b,False,,0,False
T_20260712_200418_666396_frame_000450.jpg,True,1280,720,True,158.77,False,117.594,False,False,69.978,False,36b0052c08b9467074b670672a68bc2d13ee0018e86d55c0b09737083c7d9246,False,,0,False
T_20260712_200418_666396_frame_000480.jpg,True,1280,720,True,161.265,False,116.515,False,False,68.424,False,baa59626ab58abba4c5229483d5b11af8f9edcf391fbe971c9d7a1b49f96eff2,False,,0,False
T_20260712_200418_666396_frame_000510.jpg,True,1280,720,True,154.772,False,113.295,False,False,68.142,False,a1c82b10a6a83a0fb144cfdced2511c094eec1f965e0246797a52df7346d8afb,False,,0,False
T_20260712_200418_666396_frame_000540.jpg,True,1280,720,True,167.292,False,118.703,False,False,69.924,False,0fd402f3302dea04e4f579f85d660a946547ad9247502f9df05e927b82226d76,False,,0,False
T_20260712_200418_666396_frame_000570.jpg,True,1280,720,True,155.014,False,116.154,False,False,70.248,False,670d4cda05f658c1b12c4deb1b27c5aec870ce8c9a295458f30b1e5b7c625c5a,False,,0,False
T_20260712_200418_666396_frame_000600.jpg,True,1280,720,True,164.512,False,118.39,False,False,71.067,False,28f057b3caadc005345bf394a4ccb040ca5693db999facd57cdd8c3ea939e100,False,,0,False
T_20260712_200418_666396_frame_000630.jpg,True,1280,720,True,162.472,False,118.398,False,False,69.849,False,886bb8ab0fb18f93a2338d008c9b6f4379b4663b5d5f283bf7fd27226ab7fe11,False,,0,False
T_20260712_200418_666396_frame_000660.jpg,True,1280,720,True,169.653,False,116.099,False,False,68.399,False,83e5c11672ff44c8f1f26c939b67c79cc4e55c60823728dce705c96308c6a76d,False,,0,False
T_20260712_200418_666396_frame_000690.jpg,True,1280,720,True,157.587,False,117.01,False,False,70.165,False,348b249b153ecc4ea65adeca4bf461817c5474f72be7aed53cf32cd294504b4c,False,,0,False
T_20260712_200418_666396_frame_000720.jpg,True,1280,720,True,163.614,False,117.03,False,False,70.231,False,5d33e07a14eb84f2159ecd6d89701f21f85e1df25e6aae40dada3f4b179dd4eb,False,,0,False
T_20260712_200418_666396_frame_000750.jpg,True,1280,720,True,166.447,False,114.324,False,False,68.955,False,c2df8782bdaa13edd6b63bc3265ee5fb0ea11dd1b51d7e761af882df083de3d5,False,,0,False
T_20260712_200418_666396_frame_000780.jpg,True,1280,720,True,150.323,False,114.733,False,False,67.574,False,fa77b66de88ff0c370b26117ef99e7a53b76b8f4325c1bc0d02c0a6d538b0a46,False,,0,False
T_20260715_015858_798765_frame_000000.jpg,True,1280,720,True,50.728,True,138.694,False,False,83.575,False,40600955b66bdf59995dc7c575e58508477f560e8efff87b3e0dbcee6cff3985,False,,1,True
T_20260715_015858_798765_frame_000030.jpg,True,1280,720,True,50.495,True,140.947,False,False,81.292,False,45af3051a1460897d71898487b1d554e713b4aee40ab06fa1fb98e3d9ab29841,False,,1,True
T_20260715_015858_798765_frame_000060.jpg,True,1280,720,True,49.311,True,137.615,False,False,81.17,False,ebbd73b2d7c84fb7676ee795e64d84f7350e7e0b05a2aa84eea21db58a03c9fa,False,,1,True
T_20260715_015858_798765_frame_000090.jpg,True,1280,720,True,5.838,True,139.204,False,False,78.861,False,2e937112dbac8d0bcb75185de83bf1fc0d4ebbe5c831b6da4ed5ff7e63fd5df1,False,,1,True
T_20260715_015858_798765_frame_000120.jpg,True,1280,720,True,50.39,True,135.687,False,False,81.673,False,be8f203a54e6c4fcdc97be4a9bda2b5d068ef350263880c07e12e1a3c540be68,False,,1,True
T_20260715_015858_798765_frame_000150.jpg,True,1280,720,True,51.724,True,137.996,False,False,81.873,False,4b147d8ec321661eaccf7e9549fc894e9f57330a4593e3ee50e2bae8ef9633d6,False,,1,True
T_20260715_015858_798765_frame_000180.jpg,True,1280,720,True,50.839,True,139.128,False,False,82.467,False,3098e277af47467a8d9de9d138a1ad933087325f93dc6fc8c43301f1ffe8fc60,False,,1,True
T_20260715_015858_798765_frame_000210.jpg,True,1280,720,True,48.609,True,136.996,False,False,81.494,False,46300c6ce24eedf78039b4806ea2e177341fd86a98d47f720d9affadb0ba6333,False,,1,True
T_20260715_015858_798765_frame_000240.jpg,True,1280,720,True,50.435,True,137.27,False,False,81.528,False,05401f23a361c9fc9a51743269040114b8686eab3b0646246ee582e0af6e2e9d,False,,1,True
T_20260715_015858_798765_frame_000270.jpg,True,1280,720,True,48.689,True,137.026,False,False,81.882,False,f62b497c89ebda6aeb7ae1fe206bf49245bc44ddcc70bd8a377000cf837eb38c,False,,1,True
T_20260715_015923_224709_frame_000000.jpg,True,1280,720,True,50.001,True,136.666,False,False,82.123,False,979c909a82769774b96b562b0afb6d498b3bc46b9eee038b98f5d3049a7f1162,False,,1,True
T_20260715_015923_224709_frame_000030.jpg,True,1280,720,True,51.731,True,136.816,False,False,82.5,False,a2027b47917cb2a9add9096932ae4ace4cf30230cd94be4e66b9d6567fd6770b,False,,1,True
T_20260715_015923_224709_frame_000060.jpg,True,1280,720,True,52.286,True,137.481,False,False,82.562,False,13176012b16a97d5c12c73bed2cae2082cd1e4cf258d54c85f510438dab891d2,False,,1,True
T_20260715_015923_224709_frame_000090.jpg,True,1280,720,True,48.49,True,135.288,False,False,81.296,False,d16ccf070bfb475131a7161c68b7d35ea4a64afa71c3c5853655570961bffb0c,False,,1,True
T_20260715_015923_224709_frame_000120.jpg,True,1280,720,True,45.719,True,134.983,False,False,80.156,False,2f228474edd5bb6d340a0998fa0e61b201124ad260c899e4f896ea68be7400c7,False,,1,True
T_20260715_015923_224709_frame_000150.jpg,True,1280,720,True,50.08,True,136.958,False,False,81.266,False,ce1bbfcd462f32a8f963351a71b8d2cc4339343744ee7fadb7342b82074f2a1f,False,,1,True
T_20260715_015923_224709_frame_000180.jpg,True,1280,720,True,48.244,True,136.3,False,False,82.619,False,059d6f57504da4c25656421a0b928e7c5b56e237015ff6a458276ce9a93b5087,False,,1,True
T_20260715_015923_224709_frame_000210.jpg,True,1280,720,True,51.107,True,138.506,False,False,83.503,False,9dcc14843ad3706d7f8ab56e74b4ec19b50d1f8b7b0d124bb5403f03d78f7707,False,,1,True
T_20260715_015923_224709_frame_000240.jpg,True,1280,720,True,50.757,True,138.385,False,False,83.518,False,7b1082b8fb21bb277694fc81930f5dc88cc02b1f7e8be3909004fdcfdf617ccd,False,,1,True
T_20260715_015923_224709_frame_000270.jpg,True,1280,720,True,50.143,True,137.457,False,False,83.525,False,aabd42e1b834dcf19d6b0367f4153352889c3197fcfa22de9d57deb53854ab40,False,,1,True
T_20260715_020010_033115_frame_000000.jpg,True,1280,720,True,52.066,True,137.283,False,False,83.456,False,3e35e6e37086a7f2a1a3ea5c478e34bba32cdc2f6ee25eb61ab6c22e01f3834f,False,,1,True
T_20260715_020010_033115_frame_000030.jpg,True,1280,720,True,53.234,True,138.584,False,False,81.121,False,7ff0771347f78216a00a618eb76f386dca4804020e0d17563f4fc2d5828b4b66,False,,1,True
T_20260715_020010_033115_frame_000060.jpg,True,1280,720,True,53.195,True,136.744,False,False,78.631,False,af381ded31f7e84bf553b012ca9339b99ee35e057d5d1b393b4f731da454ce01,False,,1,True
T_20260715_020010_033115_frame_000090.jpg,True,1280,720,True,4.953,True,129.954,False,False,77.357,False,be5358873d1cb2808f87055b027b2114f8836710720ebe3c84cebe82d2d2bb39,False,,1,True
T_20260715_020010_033115_frame_000120.jpg,True,1280,720,True,43.794,True,137.358,False,False,81.849,False,77d86c81618f981ab911d51384c72c3ca252bd76ce0fe870eb2e0a87a61c9775,False,,1,True
T_20260715_020010_033115_frame_000150.jpg,True,1280,720,True,50.475,True,141.267,False,False,82.976,False,de95c4b0ee314dd1b57a655d0bc2eacf079d6f443661bcdb783bf1ebbefeb561,False,,1,True
T_20260715_020010_033115_frame_000180.jpg,True,1280,720,True,50.892,True,141.064,False,False,82.539,False,fae30788d46a7ce33cf806a3195950cd945a43e61ffca592c73594accbafdaa1,False,,1,True
T_20260715_020010_033115_frame_000210.jpg,True,1280,720,True,49.608,True,140.081,False,False,83.513,False,0d120fccf4689626a83b463e179ffee573ae183562be78b3fd442c4f1e0ee0f1,False,,1,True
T_20260715_020010_033115_frame_000240.jpg,True,1280,720,True,47.597,True,130.781,False,False,79.083,False,03b68923d01be231dd1f6231136d0fb34c4c3d2c48417366c91c984504b60b47,False,,1,True
T_20260715_020010_033115_frame_000270.jpg,True,1280,720,True,48.116,True,132.644,False,False,79.963,False,401d7748cc24dfc61f1c19749252d8f246ffa0f2ff2e57e2656e027bd5aab3d6,False,,1,True
T_20260715_020010_033115_frame_000300.jpg,True,1280,720,True,49.13,True,133.613,False,False,80.603,False,6c672798084853f915567b9eec55210c4bb21291e9f45d8a63e6fdd70dd765ae,False,,1,True
T_20260715_020010_033115_frame_000330.jpg,True,1280,720,True,49.101,True,138.758,False,False,81.293,False,d9c2529f8734791fae98deb4c0041b3f538163b6d8dde1a4a316c8065789d7e9,False,,1,True
T_20260715_020010_033115_frame_000360.jpg,True,1280,720,True,44.727,True,134.226,False,False,79.225,False,a87a4acc236732aef8b8bd43cffdb2ed7d195ae290034940dc980b99f93f1fa0,False,,1,True
T_20260715_020010_033115_frame_000390.jpg,True,1280,720,True,44.414,True,129.875,False,False,78.901,False,bf03aaefc8c3ec1add64e743284e5ed79043bab5106376b6210b6b8c209e5515,False,,1,True
T_20260715_020010_033115_frame_000420.jpg,True,1280,720,True,53.55,True,139.753,False,False,82.009,False,be55c2ee13194f991859aab05e2dc1ad7862a84ce6002743631e7a53cd145f44,False,,1,True
T_20260715_020010_033115_frame_000450.jpg,True,1280,720,True,54.578,True,138.075,False,False,81.573,False,561f005ce3d0c0a3965f4a70270e89defade184448e69dab26f92a700dbde369,False,,1,True
T_20260715_020010_033115_frame_000480.jpg,True,1280,720,True,52.07,True,134.616,False,False,79.714,False,e24ee5c8388409a7c26c8fabe3c905d28246828416ab61d24f3d56b64c5470c0,False,,1,True
T_20260715_020010_033115_frame_000510.jpg,True,1280,720,True,50.129,True,132.455,False,False,78.86,False,65cbc4fb8113bdebd2afeed4ffa8248746acc9169d2bff4f77b4f40c6509a669,False,,1,True
T_20260715_020010_033115_frame_000540.jpg,True,1280,720,True,53.951,True,136.986,False,False,81.629,False,f2aa0eff132d251dd21730d21b4ff05dd14decbf0daaf48a90f7acb87a91edf6,False,,1,True
T_20260715_020010_033115_frame_000570.jpg,True,1280,720,True,41.893,True,129.687,False,False,78.548,False,c81b41e9d5bb26eb56c5472589cec39360ef6e7ac02738bb48c360d0f8393a5d,False,,1,True
T_20260715_020010_033115_frame_000600.jpg,True,1280,720,True,47.5,True,137.232,False,False,80.982,False,48ef179d36a756ea7cd78ebaa20aa94599d4894a7185febcc6e2cb53c5cc3d39,False,,1,True
T_20260715_020010_033115_frame_000630.jpg,True,1280,720,True,45.061,True,134.962,False,False,79.939,False,cfb23e725bcbab1274617fe435c5524246e9b17920ef3d26adccfaeccbf4daba,False,,1,True
T_20260715_020010_033115_frame_000660.jpg,True,1280,720,True,43.335,True,127.568,False,False,77.657,False,2341a5cb10e151bd9dd6dae3034971dfae4c9bc3627d8f9862f27cb51d7e6256,False,,1,True
T_20260715_020045_026831_frame_000000.jpg,True,1280,720,True,53.604,True,134.243,False,False,80.199,False,e3aa87317a12d1d9d3db019a5a4e1fafcc6547ccf40e19919aba29cf32f95e58,False,,1,True
T_20260715_020045_026831_frame_000030.jpg,True,1280,720,True,44.393,True,133.2,False,False,80.521,False,c539831ac9aeac8de7d1de31ac6aa42c957600232c3d162a3ad5d31ad755ff84,False,,1,True
T_20260715_020045_026831_frame_000060.jpg,True,1280,720,True,44.117,True,134.24,False,False,80.604,False,e78831615c1d8971e1459589f13d0a3adf849762d3bcfcedd538bc393ae55d0a,False,,1,True
T_20260715_020045_026831_frame_000090.jpg,True,1280,720,True,43.692,True,134.323,False,False,79.058,False,7af6addb47078daf7de625022c670a04bde23b0dc16ce010a44715921e0582a2,False,,1,True
T_20260715_020045_026831_frame_000120.jpg,True,1280,720,True,43.931,True,130.767,False,False,78.156,False,ae622c513dfa1373440650772acbef387a9dda4adc72284005c62435878bcedd,False,,1,True
T_20260715_020045_026831_frame_000150.jpg,True,1280,720,True,43.07,True,134.609,False,False,76.958,False,2fd81cfaccceb74be7ec4dcbecb9695c30d5e9dc332ce713780df8bbf371c31b,False,,1,True
T_20260715_020045_026831_frame_000180.jpg,True,1280,720,True,46.155,True,135.902,False,False,79.573,False,9115fe92c48a663796230773daaa8fcefdd4f6a215d4b246c93f6bbc2e7fed93,False,,1,True
T_20260715_020045_026831_frame_000210.jpg,True,1280,720,True,42.787,True,129.555,False,False,78.501,False,b580cffcfbcd41ca52a53b594d04d5336d3e9fd50abda85173b9c1fadf5221d2,False,,1,True
T_20260715_020045_026831_frame_000240.jpg,True,1280,720,True,39.326,True,133.766,False,False,76.886,False,807f3150ebe4f2cca44c144160a972af71e6af7cb46e853957363cda1b8d1daf,False,,1,True
T_20260715_020045_026831_frame_000270.jpg,True,1280,720,True,41.161,True,135.203,False,False,80.305,False,f4e14c6efe4f1e0c67522e6c146db05be807c5f8d162938b858cb844152fb6bb,False,,1,True
T_20260715_020045_026831_frame_000300.jpg,True,1280,720,True,42.005,True,135.874,False,False,79.59,False,ab005c396ed11f31399e3d68d85d9b942d20ee6bd08bcf99de1234ada29ce37c,False,,1,True
T_20260715_020045_026831_frame_000330.jpg,True,1280,720,True,34.3,True,134.534,False,False,80.584,False,040a4f839d1a337dd5c08659feb929c5a349e5ad7f397a32ac76e02e36eef226,False,,1,True
T_20260715_020045_026831_frame_000360.jpg,True,1280,720,True,38.109,True,130.782,False,False,76.859,False,4d5fef2068f75a31a0eed2ada9a35c915b1cd1f27b04a6b721da3d9b9b573879,False,,1,True
T_20260715_020045_026831_frame_000390.jpg,True,1280,720,True,42.645,True,126.662,False,False,78.206,False,0fe20ecb062fc1edec6916d0574d51ca1b8e782ce5bf790f75688c00ae8b2fd0,False,,1,True
T_20260715_020045_026831_frame_000420.jpg,True,1280,720,True,46.11,True,136.612,False,False,79.854,False,2e0f5f90d4d1e4656dbef63690199533de1007c5eceadd6f598b0e6c047a2d81,False,,1,True
T_20260715_020045_026831_frame_000450.jpg,True,1280,720,True,43.475,True,133.881,False,False,77.923,False,670fd639813d805075c4640601c4179f3cb2d0ebe133e895a3e1ca41324d8f65,False,,1,True
T_20260715_020118_072046_frame_000000.jpg,True,1280,720,True,43.23,True,132.88,False,False,77.406,False,702dc50ea98196bee121f9adb98996077bff5f569310bd9d18b4491f9c782eff,False,,1,True
T_20260715_020118_072046_frame_000030.jpg,True,1280,720,True,46.721,True,138.065,False,False,79.614,False,d4c717c8fce282f5400e73dd9c69eb265c668877913a24b3938e92135be274cc,False,,1,True
T_20260715_020118_072046_frame_000060.jpg,True,1280,720,True,6.551,True,132.418,False,False,78.145,False,69677702374668f101f2824fb9b21d13760ec20ebd4f5590676d196590815b0a,False,,1,True
T_20260715_020118_072046_frame_000090.jpg,True,1280,720,True,47.937,True,132.407,False,False,81.038,False,db51880ab8e884b5b1ec0a0fd524b652058524bd1bb3705c21587fa4f1cb9e9a,False,,1,True
T_20260715_020118_072046_frame_000120.jpg,True,1280,720,True,44.293,True,134.984,False,False,80.407,False,f9c38695fade1ea7db3d1b257f706fec297eb8f8a4e001423ca7772f1440c1f2,False,,1,True
T_20260715_020118_072046_frame_000150.jpg,True,1280,720,True,41.867,True,131.387,False,False,77.394,False,daa96f675d953017bc3b1b0da2de7b9fa3e496e03449411f997e530013d62f83,False,,1,True
T_20260715_020118_072046_frame_000180.jpg,True,1280,720,True,42.962,True,129.608,False,False,79.067,False,ffde8341d5eae1fe61204ad3ab1079819fb5c032861d106d12cd423db63d5bc3,False,,1,True
T_20260715_020118_072046_frame_000210.jpg,True,1280,720,True,46.015,True,134.467,False,False,80.485,False,4a8e4da7f611d15d14591e16fbfc055e13d8db9a9011962d9e6801593587a117,False,,1,True
T_20260715_020118_072046_frame_000240.jpg,True,1280,720,True,48.471,True,133.146,False,False,80.207,False,0b4c904f54ed9c4196a69199e301fc3dd4b168fdcf26e330b0a5a3f47f982646,False,,1,True
T_20260715_020118_072046_frame_000270.jpg,True,1280,720,True,42.507,True,136.892,False,False,80.616,False,20c3e2aa4552a909ab55892ac97c5ee3a4c55f63986b7d1edecb7b76f103c22a,False,,1,True
T_20260715_020118_072046_frame_000300.jpg,True,1280,720,True,36.174,True,135.389,False,False,81.816,False,d98edfec94fbe2a44a026f91766dcfc429c6e1384bcdf700913f57bb002e592a,False,,1,True
T_20260715_020148_168767_frame_000000.jpg,True,1280,720,True,45.537,True,131.019,False,False,79.536,False,efc778f2c988b476713f6558b99e50c22f51f94359e03497f79918c0a42867db,False,,1,True
T_20260715_020148_168767_frame_000030.jpg,True,1280,720,True,47.515,True,138.712,False,False,80.011,False,031799d1143b408bb6b2e7237d8a776c03720bbd0624f6c029d92150fe226837,False,,1,True
T_20260715_020148_168767_frame_000060.jpg,True,1280,720,True,45.859,True,130.655,False,False,79.092,False,43b3999cafd46405cbeed560de224fd89abab0b9752d0b3f4b9be1fb7bc39e82,False,,1,True
T_20260715_020148_168767_frame_000090.jpg,True,1280,720,True,38.02,True,136.237,False,False,75.69,False,57a9717d84e0db9af58715aaf16a2f5f90a10e68466862bd31c0ffd9b8c6358a,False,,1,True
T_20260715_020148_168767_frame_000120.jpg,True,1280,720,True,38.023,True,135.51,False,False,76.469,False,6d328ddb88d3736dad3f3eaba9907b7495900a17086796974d9adb7309862c9c,False,,1,True
T_20260715_020148_168767_frame_000150.jpg,True,1280,720,True,44.624,True,132.885,False,False,79.112,False,7660ecc0c9a6ff61bfca0276f62b84f1b1ac085ede8873c820e952a740ee9a8b,False,,1,True
T_20260715_020148_168767_frame_000180.jpg,True,1280,720,True,44.978,True,132.054,False,False,78.343,False,6b0ff6585c001f3902704ad7cd1338671b15f7f1a230700c1fc46e5d0724346b,False,,1,True
T_20260715_020148_168767_frame_000210.jpg,True,1280,720,True,38.217,True,134.526,False,False,75.814,False,e496cf39b19790bfa7f8b6f146b51fb6f19053d5a8d48fdc3ff37c6df6767b5e,False,,1,True
T_20260715_020148_168767_frame_000240.jpg,True,1280,720,True,38.162,True,129.363,False,False,77.407,False,a89639274b354ee2669f5ad35e24bae3b3f46cc3e08710baac722c1eac23fc76,False,,1,True
T_20260715_020214_545220_frame_000000.jpg,True,1280,720,True,48.721,True,130.208,False,False,78.233,False,524f2f97e34f03f908e8cf95626bc93cc3aa98fb8089b364f4e6ee49f1af8a00,False,,1,True
T_20260715_020214_545220_frame_000030.jpg,True,1280,720,True,42.502,True,129.893,False,False,76.495,False,f58034934f2c8976650df096501f07d541a7d2750fa051710943e6c874725fca,False,,1,True
T_20260715_020214_545220_frame_000060.jpg,True,1280,720,True,51.638,True,128.522,False,False,76.422,False,3652ad3effa5343e64753178a027c3333ebeb6b4bf61a0c98c83d829ed8457fe,False,,1,True
T_20260715_020214_545220_frame_000090.jpg,True,1280,720,True,47.708,True,128.374,False,False,76.801,False,11fa45ee2c1de61ac029366df102fb2d9291c2714427583390655df63e990360,False,,1,True
T_20260715_020214_545220_frame_000120.jpg,True,1280,720,True,50.761,True,128.667,False,False,76.665,False,ab1203f44f8ca5a0a5bfd141ea1bc2f69fc16a7be96d400b3bd8f35ad16bf1b3,False,,1,True
T_20260715_020214_545220_frame_000150.jpg,True,1280,720,True,47.565,True,131.728,False,False,76.479,False,0d7cd6a927e05b17d865ee434c1dce8e05ed231788fc22e1b9d9d766433b345b,False,,1,True
T_20260715_020214_545220_frame_000180.jpg,True,1280,720,True,52.76,True,128.155,False,False,76.403,False,18e6cddb2faf1d4fe9670b99763527c8bf69d819b36af988f8a17cb2a125775e,False,,1,True
T_20260715_020214_545220_frame_000210.jpg,True,1280,720,True,49.342,True,126.845,False,False,76.511,False,3baa0b3e0cda601d8bca3a73d27a72c5554829e658454212cad1331ecad6871f,False,,1,True
T_20260715_020214_545220_frame_000240.jpg,True,1280,720,True,47.833,True,132.261,False,False,75.597,False,56867ccc9211913f81c9f0562321d254561c6e6464eb2eb88a3fff242be35479,False,,1,True
T_20260715_020214_545220_frame_000270.jpg,True,1280,720,True,49.057,True,126.846,False,False,75.67,False,3f99635b60c860f831d5c511eb7cb8bdd2762aaf114b52a45e66b7581085e1f9,False,,1,True
T_20260715_020214_545220_frame_000300.jpg,True,1280,720,True,43.637,True,127.279,False,False,75.168,False,b4fb6cd4bbbe76f2f24157bf8f4b8fd2dc93a6b44d5efeda8082abeff2f0621d,False,,1,True
T_20260715_020214_545220_frame_000330.jpg,True,1280,720,True,43.279,True,126.868,False,False,74.318,False,038c726d508dc2afaff983b4f20661d0bdd58da524a1a5fcd22a7fc50444dd0d,False,,1,True
T_20260715_020214_545220_frame_000360.jpg,True,1280,720,True,48.853,True,135.821,False,False,77.18,False,e0ff88d077e117ef096b97e63fb84f2d5d17cc89806997b6e2a5ccbcaa283068,False,,1,True
T_20260715_020214_545220_frame_000390.jpg,True,1280,720,True,46.648,True,133.566,False,False,78.625,False,f62c420470a840c22e1461a6c1ceb13255d43dd8d1feeac10b147e29dc1c5d33,False,,1,True
T_20260715_020214_545220_frame_000420.jpg,True,1280,720,True,44.971,True,133.615,False,False,78.232,False,441659c1eb35316d26b2b1cdad08987f1c866e4779c20149b3ad030a86e7aa5a,False,,1,True
T_20260715_020214_545220_frame_000450.jpg,True,1280,720,True,46.702,True,135.784,False,False,78.674,False,292adca845ff79fe85587e517c5846f380a070aed34e99c30bf3f41fd6b1aa06,False,,1,True
T_20260715_020241_260961_frame_000000.jpg,True,1280,720,True,51.189,True,134.898,False,False,79.572,False,bb95812ec9939863f967945b45b48e1c00a14d6e83a9bfa178d69f8a6ea5cf70,False,,1,True
T_20260715_020241_260961_frame_000030.jpg,True,1280,720,True,48.635,True,128.512,False,False,77.214,False,cb1824d2637db0ac308e21b1ea75f8b0d456b9800ec6ba0c00cf2f28a5344f4e,False,,1,True
T_20260715_020241_260961_frame_000060.jpg,True,1280,720,True,49.114,True,126.731,False,False,77.626,False,4378a111430aec2ef4d9861876a2c0b1a6d451ed0182b17f027593b9c22e1341,False,,1,True
T_20260715_020241_260961_frame_000090.jpg,True,1280,720,True,51.711,True,129.199,False,False,77.436,False,9522ffb94dd90e130e1b6bb743e5178871d9da79b1f8628be54aeb618529f824,False,,1,True
T_20260715_020241_260961_frame_000120.jpg,True,1280,720,True,48.08,True,131.129,False,False,78.086,False,92e2c1d29dd230ba0faca88c93bb325f0ad12b6daaae79d02e3f95d1b93c10d9,False,,1,True
T_20260715_020241_260961_frame_000150.jpg,True,1280,720,True,50.51,True,130.551,False,False,77.255,False,47a3b329c339c85afe3370da819cf47ee129dd5f24fb4512b92d7954d676886d,False,,1,True
T_20260715_020241_260961_frame_000180.jpg,True,1280,720,True,48.684,True,127.606,False,False,76.438,False,510966adef1ed4c505996f99eb3019472bf85523bf22a6682ff7906b19ef510c,False,,1,True
T_20260715_020241_260961_frame_000210.jpg,True,1280,720,True,50.287,True,132.945,False,False,78.542,False,86543801609df3bfbc44562cadf0bd2de8d2a1d373a824f511886b2c23b0065a,False,,1,True
T_20260715_020241_260961_frame_000240.jpg,True,1280,720,True,49.154,True,135.688,False,False,78.077,False,589efc34648dde46b25013e189615a730ea7dff7926f5d79d08e979b0b3e3a8e,False,,1,True
T_20260715_020241_260961_frame_000270.jpg,True,1280,720,True,48.7,True,129.291,False,False,77.672,False,1f3c7b19c44bef5a972652894feac3b72b311621d9963b8bdae41d15a303f1b2,False,,1,True
T_20260715_020241_260961_frame_000300.jpg,True,1280,720,True,53.397,True,133.741,False,False,78.791,False,ffc431a407bba05e0b37b61ef7576dce0df2d992def740393b20d608132c0c45,False,,1,True
T_20260715_020241_260961_frame_000330.jpg,True,1280,720,True,53.046,True,133.412,False,False,77.852,False,dac01d9363c466b77a93977ab629a0ac19ba533f24032bc30df40f7f457cea9e,False,,1,True
T_20260715_020241_260961_frame_000360.jpg,True,1280,720,True,55.147,True,129.566,False,False,77.389,False,de5cc9f805202a041947382d204c04f35ea7508888875e2b419a58bbd33b204b,False,,1,True
T_20260715_020241_260961_frame_000390.jpg,True,1280,720,True,56.269,True,133.455,False,False,78.143,False,eb032633751d7e5166dbd2f446e059ffabae1891a4dd3f0dfc362d4d8febee6b,False,,1,True
T_20260715_020241_260961_frame_000420.jpg,True,1280,720,True,52.539,True,134.733,False,False,78.101,False,eb3af499a5e4897de3406af915880c143fe46b6b6fca6e410e66229d1638682f,False,,1,True
T_20260715_020318_603937_frame_000000.jpg,True,1280,720,True,56.601,True,134.832,False,False,79.34,False,b70160f58d2644a87acf4ddd693c1278b5c7014e099723ca0d5a436ae58feeb1,False,,1,True
T_20260715_020318_603937_frame_000030.jpg,True,1280,720,True,55.747,True,135.899,False,False,79.054,False,21f2157361142a0a882f6890a50d84279c78f695f962406236361d822909ac3e,False,,1,True
T_20260715_020318_603937_frame_000060.jpg,True,1280,720,True,53.675,True,131.986,False,False,77.229,False,5691f456fad8240f289419e53f2553f1e4099aba3b3810c37690302fc9a35e87,False,,1,True
T_20260715_020318_603937_frame_000090.jpg,True,1280,720,True,55.12,True,136.81,False,False,78.288,False,0f56bbddd6c0adaf1de67fb68892578220bf7e7cd185bfcaec7a480c0db05a19,False,,1,True
T_20260715_020318_603937_frame_000120.jpg,True,1280,720,True,50.197,True,127.317,False,False,75.884,False,d5ec5337073c03209a8895b810c9c2a2cad51791ed143a6fe037101e2986d438,False,,1,True
T_20260715_020318_603937_frame_000150.jpg,True,1280,720,True,53.073,True,134.115,False,False,78.586,False,aa3fc4d5f7e26223839859abf25f004da51f826ccd7d52d848a1725af7c0efbb,False,,1,True
T_20260715_020318_603937_frame_000180.jpg,True,1280,720,True,50.698,True,132.53,False,False,77.668,False,f4bcb430b7dd29f8a65a6b7247eadae53d75afe73a8027f3246b6f0ff004a028,False,,1,True
T_20260715_020318_603937_frame_000210.jpg,True,1280,720,True,55.166,True,132.011,False,False,77.512,False,79e3b618eda27946e56521e330d85db6e90c32b3f278d641676fee2c6745ee06,False,,1,True
T_20260715_020318_603937_frame_000240.jpg,True,1280,720,True,50.998,True,131.557,False,False,76.719,False,f2229430f3ee5ed030b1a0b2cbe998e4b0eb3994fe1c9b5b307de7038f9a9d8a,False,,1,True
T_20260715_020318_603937_frame_000270.jpg,True,1280,720,True,35.701,True,130.351,False,False,76.981,False,5b73633bfce88f31271991d1a69ba5e86ca7dff4f279b6c1b045040f31fbff07,False,,1,True
T_20260715_020318_603937_frame_000300.jpg,True,1280,720,True,48.337,True,130.811,False,False,77.031,False,39009775868ea4b5eb5ae70075fffbcf9b8885148ac134490e6aca79d848a500,False,,1,True
T_20260715_020318_603937_frame_000330.jpg,True,1280,720,True,50.612,True,131.27,False,False,77.247,False,3e219689cbb6e4f7393dd85c24704ce74d092d5e15214601cef828cc69bfeb3f,False,,1,True
T_20260715_020318_603937_frame_000360.jpg,True,1280,720,True,41.84,True,127.808,False,False,75.956,False,9dda983f5d4949705d405c0e8de1fb655c414349e92933b2238d0d392ce0f853,False,,1,True
T_20260715_020318_603937_frame_000390.jpg,True,1280,720,True,47.353,True,129.042,False,False,76.794,False,5c2d6e66cfcc80b43430f98d6949c20bc6dd34c1b78bdc69c803313f380376b7,False,,1,True
T_20260715_020318_603937_frame_000420.jpg,True,1280,720,True,41.441,True,131.821,False,False,77.336,False,b194980819a968ad4d0b5f68aad8f2c7d45b11618dcf251a22e47c10c7040716,False,,1,True
T_20260715_020318_603937_frame_000450.jpg,True,1280,720,True,48.503,True,130.974,False,False,77.472,False,e5e87627dcb838616f352b46e5ae1888aff958caf8a5a2dbc0eac21d23847860,False,,1,True
T_20260715_020318_603937_frame_000480.jpg,True,1280,720,True,45.641,True,131.622,False,False,77.546,False,67442060a873b89686f098fac4843e52172815a7802f317180606de8d35dda42,False,,1,True
T_20260715_020318_603937_frame_000510.jpg,True,1280,720,True,49.458,True,128.585,False,False,77.054,False,09cc8f6deab5745e3576237b69d92d99018181680f0117392d918c6ca25582c2,False,,1,True
T_20260715_020356_334524_frame_000000.jpg,True,1280,720,True,51.853,True,130.276,False,False,78.067,False,bd6c57d706724c67fe601b40bfb9fafeb81ef7d8132797dbca9896dddb6d4f82,False,,1,True
T_20260715_020356_334524_frame_000030.jpg,True,1280,720,True,45.776,True,130.784,False,False,77.79,False,5450e4a925ef77a1736a1fbc43df4cb62ab27f193377543a5e85ffe1c3ebcc08,False,,1,True
T_20260715_020356_334524_frame_000060.jpg,True,1280,720,True,45.852,True,128.538,False,False,75.855,False,cb0d767e40a1ad12de9a0d8676f8749792fefb4744e9e8a469fb02a1f222bde6,False,,1,True
T_20260715_020356_334524_frame_000090.jpg,True,1280,720,True,43.137,True,126.89,False,False,77.031,False,5ad09d46dd53100f70374a35fcbd37363adc87260535671989149549901314d6,False,,1,True
T_20260715_020356_334524_frame_000120.jpg,True,1280,720,True,44.804,True,126.904,False,False,77.06,False,25587c05a411e77462b813c048929404fc870a546b9638d84bf8420756ac1d2b,False,,1,True
T_20260715_020356_334524_frame_000150.jpg,True,1280,720,True,45.163,True,129.845,False,False,78.093,False,f5cb28c0047cf7b9817d62f1213fdf26c7d4905c94a0bb4d2463e7d39fdf57c7,False,,1,True
T_20260715_020356_334524_frame_000180.jpg,True,1280,720,True,44.803,True,126.8,False,False,76.179,False,9a309c4255a52144f0bdef3c18a25fdecdd2779dce95142362866cd5b33746ce,False,,1,True
T_20260715_020356_334524_frame_000210.jpg,True,1280,720,True,44.374,True,125.881,False,False,77.505,False,28ba3bc7d6e1cfa562c7304b41db41f21f9f81b8b34d5c24373668a379d77475,False,,1,True
T_20260715_020356_334524_frame_000240.jpg,True,1280,720,True,38.971,True,130.287,False,False,78.921,False,f33dc1c875cb2c233c4a94b98fbeb40476d06a1ddf41b32b41f33bc180e49a9c,False,,1,True
T_20260715_020356_334524_frame_000270.jpg,True,1280,720,True,40.968,True,121.017,False,False,74.669,False,3f25ee6017bbb8565e4fec829e815f472b7290ac7851f12caabf36f591eb4403,False,,1,True
T_20260715_020356_334524_frame_000300.jpg,True,1280,720,True,44.248,True,120.808,False,False,74.502,False,ecbbb96ce7a73bfc2497c508bfc348d041c5c28e95f6630ddd1a8e293f030822,False,,1,True
T_20260715_020356_334524_frame_000330.jpg,True,1280,720,True,50.021,True,133.135,False,False,77.449,False,90e660eafc29bb869952e5152015d1bd38e9ce6c843f2892d61a0374aa5cbc91,False,,1,True
T_20260715_020421_699665_frame_000000.jpg,True,1280,720,True,48.566,True,134.591,False,False,78.976,False,d54f3d935ab24e87f33cde83f46110bdbda5caf32a8e05cda60c940a968ddaae,False,,1,True
T_20260715_020421_699665_frame_000030.jpg,True,1280,720,True,47.83,True,133.322,False,False,78.211,False,9fca7fe827ebb1db6924a1a354a2401d762a32a70a1912c1763951be89d8aa51,False,,1,True
T_20260715_020421_699665_frame_000060.jpg,True,1280,720,True,42.574,True,129.101,False,False,75.498,False,fb16a11db73c24e3e2257b155fffe804d8e52dd6594cfbaf625da6930d6a207b,False,,1,True
T_20260715_020421_699665_frame_000090.jpg,True,1280,720,True,5.947,True,128.35,False,False,76.647,False,7a709b93a80282ef8e81678d5d7f453ada869341d4ff434286bebcbcaa645248,False,,1,True
T_20260715_020421_699665_frame_000120.jpg,True,1280,720,True,49.148,True,126.989,False,False,78.043,False,145c73f8dda8db53c6336fc4ecd402f1d99a06e2b991271083e36f1519ae15d5,False,,1,True
T_20260715_020421_699665_frame_000150.jpg,True,1280,720,True,45.095,True,127.654,False,False,76.087,False,f3de61d4c6dd38dc0f149e4f26fedb257b21365958db825ab1d7372e2dba371a,False,,1,True
T_20260715_020421_699665_frame_000180.jpg,True,1280,720,True,46.359,True,128.27,False,False,78.228,False,7f1a6421ca9d54e0886ced422eaa297b7bddc3ea77f10e7cfe712d1f4631ae29,False,,1,True
T_20260715_020421_699665_frame_000210.jpg,True,1280,720,True,47.925,True,128.033,False,False,76.552,False,3f0ba3294b00e21cfedecdbe1f7592029358a4c3d7c379fe4d30aedb462e3adf,False,,1,True
T_20260715_020421_699665_frame_000240.jpg,True,1280,720,True,52.309,True,133.547,False,False,76.825,False,c83629755b6e922416a53c7267be4c7ad09e09fea04be5972c3f37989d68a55d,False,,1,True
T_20260715_020421_699665_frame_000270.jpg,True,1280,720,True,11.782,True,136.141,False,False,78.441,False,1a5f0511ca5409818826b30f61bb4230ec5c4951b8f585efaba2cede7e83f3cf,False,,1,True
T_20260715_020441_999906_frame_000000.jpg,True,1280,720,True,48.4,True,135.963,False,False,78.599,False,726c114af747c4ee8345b8044904755c2e008ad6a95f8e28d18c679fe2d310c3,False,,1,True
T_20260715_020441_999906_frame_000030.jpg,True,1280,720,True,50.32,True,136.498,False,False,79.202,False,e287f93dbfd974e5f74d24c62d0c1cc8600a8d86f7dd5007b3084d345f88f30d,False,,1,True
T_20260715_020441_999906_frame_000060.jpg,True,1280,720,True,50.85,True,128.559,False,False,78.451,False,b9f67b415e56112e9e9d77809aad5faffc456812409c3262e9a9ed7e22a3ffd0,False,,1,True
T_20260715_020441_999906_frame_000090.jpg,True,1280,720,True,43.454,True,130.234,False,False,76.364,False,14b41c973eaf99379e7526498485fdfb33f971800d8844090b79af2cec63308f,False,,1,True
T_20260715_020441_999906_frame_000120.jpg,True,1280,720,True,42.143,True,132.559,False,False,76.668,False,141373cbe7da60dff8785e319a2ac461032869447de61fadcf7b4230c1e9a0d4,False,,1,True
T_20260715_020441_999906_frame_000150.jpg,True,1280,720,True,34.508,True,126.372,False,False,75.948,False,f990386abf7e70c2efffb12c97db129ed0d34272babc42446c0f0bc1a064b031,False,,1,True
T_20260715_020441_999906_frame_000180.jpg,True,1280,720,True,37.094,True,124.712,False,False,75.374,False,fa0e6d46c5732db128107ac9ac026e8d657a950293d224693b34e779d77fb3b6,False,,1,True
T_20260715_020441_999906_frame_000210.jpg,True,1280,720,True,43.804,True,131.29,False,False,78.105,False,7e84d1ff256df67380dd2f7bc0b9d49a008ae47c7e10f1021bc478763712a121,False,,1,True
T_20260715_020441_999906_frame_000240.jpg,True,1280,720,True,46.122,True,132.236,False,False,78.636,False,4f51d64c9f12468909c7a1c53fc40373f5407aa9b8620ab0614d6d7e9e36e9bf,False,,1,True
T_20260715_020441_999906_frame_000270.jpg,True,1280,720,True,25.271,True,124.923,False,False,73.468,False,407a3aa2372cdcd00702e3570742fa640da5d8af81dc59b175a87c46d0fc8ec5,False,,1,True
T_20260715_020441_999906_frame_000300.jpg,True,1280,720,True,44.648,True,135.518,False,False,77.45,False,bce2f2b68b730b0aaaeff18fae7b9e4016fe05a4ff88c87022169420e77974a7,False,,1,True
T_20260715_020441_999906_frame_000330.jpg,True,1280,720,True,52.265,True,136.161,False,False,79.191,False,4978a1422824360478d0c89cf589220ecc51d5710039b51ae879d8a7c7c1a07f,False,,1,True
T_20260715_020441_999906_frame_000360.jpg,True,1280,720,True,52.24,True,137.748,False,False,82.141,False,7d72978237c0fef30f0c0ae4d753943af76aad2f6dc164f6671f363b553db622,False,,1,True
T_20260715_020441_999906_frame_000390.jpg,True,1280,720,True,53.369,True,136.731,False,False,81.863,False,c072b8a02f20c96e44d225e88d62e2e0e6908decf00fb9866057f0dd610fd7a8,False,,1,True
T_20260715_020441_999906_frame_000420.jpg,True,1280,720,True,53.606,True,136.837,False,False,80.381,False,219e6e3b97fe5da1e961f723682966d7c7adbde0dbf2d648daf788fc78f694d5,False,,1,True
T_20260715_020441_999906_frame_000450.jpg,True,1280,720,True,53.784,True,137.039,False,False,81.103,False,4c61a33cf1469d1ab6a3a96ddc0c251e8fed6c66e7722224ce61d79739f40d11,False,,1,True
T_20260715_020441_999906_frame_000480.jpg,True,1280,720,True,53.861,True,135.434,False,False,80.17,False,af8474a862f36402fe28539914d4215099bc3e4918235f78c949fc3392e6f088,False,,1,True
T_20260715_020441_999906_frame_000510.jpg,True,1280,720,True,53.961,True,135.277,False,False,81.404,False,69b151a5a27280c84298ef96c481b0e327b842ddffa0c7776cf67ad0d801941d,False,,1,True
T_20260715_020441_999906_frame_000540.jpg,True,1280,720,True,54.119,True,136.39,False,False,80.634,False,408bf36cc090e6941877e5a740505a57024b3891b67c614d36de1350c3054a42,False,,1,True
T_20260715_020441_999906_frame_000570.jpg,True,1280,720,True,53.079,True,135.646,False,False,81.47,False,303b180157123cc9f4285aa4ae6dbb801776cfb370b9db233afbaac0d43baa9b,False,,1,True
T_20260715_020441_999906_frame_000600.jpg,True,1280,720,True,54.098,True,136.271,False,False,81.261,False,dee0cefe6c1f17b35bcae8adc213f9170fa410ab772e4efcbbf00eb8cfb2c442,False,,1,True
T_20260715_020441_999906_frame_000630.jpg,True,1280,720,True,52.927,True,135.528,False,False,81.282,False,de160ce8e00d2927f64907a6366f1305c73c567e2bcc4d8e255669307d43c2e8,False,,1,True
T_20260715_020441_999906_frame_000660.jpg,True,1280,720,True,53.85,True,131.398,False,False,81.109,False,11d22ce3250bb8dd38f47c70fbf8a2520a220f2bf5f6cceb0578eb11845c4514,False,,1,True
T_20260715_020441_999906_frame_000690.jpg,True,1280,720,True,50.535,True,134.393,False,False,77.42,False,2c7e0753c626f4c8316a323a200ff1a7799011a0bb2f8b18c4dc764dde1272c8,False,,1,True
T_20260715_020441_999906_frame_000720.jpg,True,1280,720,True,51.465,True,134.095,False,False,79.556,False,999c6ff1cda9eec94c210ffa095614da9e1018e3a9a19685b5f9abe50f7444ec,False,,1,True
T_20260715_020520_889167_frame_000000.jpg,True,1280,720,True,52.508,True,134.058,False,False,79.573,False,84c9b23357553113c322eb58bed70a6bd5c829acbe996b943df7194e04b4510d,False,,1,True
T_20260715_020520_889167_frame_000030.jpg,True,1280,720,True,51.141,True,123.263,False,False,78.625,False,34da65cfadd1e01b0081dffac62c38c4036c1377618009481b71620ce72617c9,False,,1,True
T_20260715_020520_889167_frame_000060.jpg,True,1280,720,True,50.485,True,130.792,False,False,81.201,False,62e26825c4358e34b9b350913ad883ca75f88cdc1d822d10e0e2f86cc25f2008,False,,1,True
T_20260715_020520_889167_frame_000090.jpg,True,1280,720,True,50.787,True,134.094,False,False,80.03,False,95ccf15321530b6e167f0488786dfeda72502300d9c25fc766d4c7cec9eb48d5,False,,1,True
T_20260715_020520_889167_frame_000120.jpg,True,1280,720,True,50.644,True,132.9,False,False,80.898,False,ab8f8325452d0292eb2dc153c3b152ffeacf383168f2b48e74b6c5952268f6df,False,,1,True
T_20260715_020520_889167_frame_000150.jpg,True,1280,720,True,49.85,True,133.925,False,False,80.487,False,5227243cd640bde8d9efb1e78a17b9b76ffaffd563be965203a208a9c6ff2a40,False,,1,True
T_20260715_020520_889167_frame_000180.jpg,True,1280,720,True,50.32,True,133.79,False,False,80.453,False,738f61dde2575f5266b056f9b20b1c9062ba2a7e7a455eea28d4efbc7d1ecce7,False,,1,True
T_20260715_020520_889167_frame_000210.jpg,True,1280,720,True,49.727,True,133.943,False,False,80.394,False,a45dd541f77be242dbe991c04b48e4c494d7cfa42248f27aa07029d8b92b8b3a,False,,1,True
T_20260715_020520_889167_frame_000240.jpg,True,1280,720,True,49.254,True,133.58,False,False,80.236,False,5e211128eeb008b0f5fa2388f13f9b028cf8b99e468bfecfdb3eafe5522f28a2,False,,1,True
T_20260715_020520_889167_frame_000270.jpg,True,1280,720,True,50.261,True,133.418,False,False,80.35,False,80bb75ea5578a012da5ae5c1947d5fd90ff4c4283ea7bce2cba491e2b1127d18,False,,1,True
T_20260715_020520_889167_frame_000300.jpg,True,1280,720,True,50.615,True,137.117,False,False,79.354,False,2167314385d5c1dfd621a1da960e52ec4d2b34f890408ab91219601b9269f523,False,,1,True
T_20260715_020520_889167_frame_000330.jpg,True,1280,720,True,50.205,True,137.137,False,False,79.417,False,eb59d4f1403d9ec65e8c5c523cba570c3ed8ce09414d3f3f5bd03c9370f3ec09,False,,1,True
T_20260715_020520_889167_frame_000360.jpg,True,1280,720,True,47.912,True,128.398,False,False,80.54,False,1f2be501ffcfab2be6e8d94bf5582ed671bafa31c6eed5fceae22f0ac032b32a,False,,1,True
T_20260715_020520_889167_frame_000390.jpg,True,1280,720,True,49.401,True,129.752,False,False,80.191,False,fb7061f43bf99e4b324e325e4c6bd1cbee08f65f4a6a2c7b201aac534212f069,False,,1,True
T_20260715_020520_889167_frame_000420.jpg,True,1280,720,True,51.925,True,129.965,False,False,80.041,False,22d02874d36e506b349d8244cf1c8c5bd20a59f048fc3eb29107f3526f835839,False,,1,True
T_20260715_020520_889167_frame_000450.jpg,True,1280,720,True,46.792,True,129.181,False,False,79.825,False,ed54941462af00129725d2989624a7034e3e328adebb7b5d6b25c71472e11ba4,False,,1,True
T_20260715_020520_889167_frame_000480.jpg,True,1280,720,True,51.013,True,128.362,False,False,79.53,False,af374935d963ca3ceec0143f26218afba6abde53b6ec780ad555ab3955314446,False,,1,True
T_20260715_020520_889167_frame_000510.jpg,True,1280,720,True,46.36,True,129.366,False,False,79.267,False,c41094ae0c2118c1bc897e8ff3a7fc3a58c411932847d56d0fa8f7f89f60e8aa,False,,1,True
T_20260715_020520_889167_frame_000540.jpg,True,1280,720,True,47.691,True,130.518,False,False,78.914,False,3080ab2c28da5a40e06a868effa785ce00f598919ca94463e5cd29eaccb0658e,False,,1,True
T_20260715_020520_889167_frame_000570.jpg,True,1280,720,True,47.593,True,130.951,False,False,79.004,False,687e166f5bfc1c6b49d0d71eaab62e30c520d6a9df340700dd0a46f1aaefbd50,False,,1,True
T_20260715_020520_889167_frame_000600.jpg,True,1280,720,True,48.287,True,132.623,False,False,80.358,False,0803fcf4621a23bffbef691b46732a6e615d37e48b0c065d283f64296d8f69bb,False,,1,True
T_20260715_020520_889167_frame_000630.jpg,True,1280,720,True,50.569,True,133.13,False,False,77.926,False,bbbfa084eeb39aed80d56d5db5421206c45040602f4e66bb5e7b7bc93977e85e,False,,1,True
T_20260715_020604_756053_frame_000000.jpg,True,1280,720,True,56.967,True,135.133,False,False,79.565,False,4aaa43dbcb49fdb273697581cf1bf600d420795d575d74b7f702fb077232490f,False,,1,True
T_20260715_020604_756053_frame_000030.jpg,True,1280,720,True,50.905,True,134.274,False,False,80.817,False,33d37e4ff662d8d2e32f1d76aca44302b252027f5dfd0a0906d3f0c0a621542c,False,,1,True
T_20260715_020604_756053_frame_000060.jpg,True,1280,720,True,50.629,True,131.811,False,False,80.17,False,e57ffdadb54ea6c846d5d7165a04ec764ec60b5462d50ee7e96fad239edace59,False,,1,True
T_20260715_020604_756053_frame_000090.jpg,True,1280,720,True,43.583,True,133.084,False,False,79.293,False,37559bdf1666db0452215717513e4a987c17a586c15cb8334bfee39d00f00474,False,,1,True
T_20260715_020604_756053_frame_000120.jpg,True,1280,720,True,47.204,True,133.533,False,False,79.028,False,e4584d4820f35ccde11aedd1330993373fc4b9324f23f8caaaae2e5f1f4252ab,False,,1,True
T_20260715_020604_756053_frame_000150.jpg,True,1280,720,True,44.462,True,131.638,False,False,77.642,False,7ec569664fcb7f6eb08021b4559fdf44e793b9c0669642df448e588cf33b9ae4,False,,1,True
T_20260715_020604_756053_frame_000180.jpg,True,1280,720,True,13.746,True,130.724,False,False,78.145,False,fb614d9ffee9907fbf5cf3808e60f3cd57ee529916b9dc9fc0a55817485759e6,False,,1,True
T_20260715_020604_756053_frame_000210.jpg,True,1280,720,True,48.591,True,133.565,False,False,79.827,False,0c9fe289693492779502bdd47052aa93acd6fd9be4e68ddc3a41333ca63c638f,False,,1,True
T_20260715_020604_756053_frame_000240.jpg,True,1280,720,True,51.288,True,133.065,False,False,79.653,False,1a178566d86d3adad369c4de9d6220f35ffd40c44755d87f71e0223e6ae48123,False,,1,True
T_20260715_020604_756053_frame_000270.jpg,True,1280,720,True,43.095,True,132.091,False,False,79.642,False,7af6fd2a148104996dbd275482f9dd889f882e623195b59c411959e40d9c11d3,False,,1,True
T_20260715_020604_756053_frame_000300.jpg,True,1280,720,True,51.119,True,138.223,False,False,80.534,False,524233beddcacf6e5efa315cedfa7e22e591c21faffaeaf0e3dd7bb23aeb3f59,False,,1,True
T_20260715_020604_756053_frame_000330.jpg,True,1280,720,True,48.702,True,129.049,False,False,78.524,False,ba0b2b107d3c731b07aa7f650b3d3b322c35608c96161f526f1cc09ba62de348,False,,1,True
T_20260715_020604_756053_frame_000360.jpg,True,1280,720,True,48.378,True,127.589,False,False,77.641,False,44ea96b1b6dd215faa8cc1344d4157bf32d8a7b69724ba4329ec086258b0f1fc,False,,1,True
T_20260715_020604_756053_frame_000390.jpg,True,1280,720,True,51.014,True,136.638,False,False,79.763,False,5beb78e5e53fccf73df82c31e84dd63908a56df60a89c2c8fc2da52ad8a9898c,False,,1,True
T_20260715_020604_756053_frame_000420.jpg,True,1280,720,True,49.877,True,136.644,False,False,81.518,False,9e8694a18efe946ab2d311dfbc28d1772d5a84921c39157494fb817b1acf1e05,False,,1,True
T_20260715_020604_756053_frame_000450.jpg,True,1280,720,True,50.294,True,138.255,False,False,79.479,False,2b895b3861b82e618e3628ee8e740e56d59ae55960e801dba95c5b2fe96a580d,False,,1,True
T_20260715_020604_756053_frame_000480.jpg,True,1280,720,True,48.332,True,125.505,False,False,78.141,False,daca4cb26187a99f21960c5cab4ed1631f70baf33f90a6863755c65502bc81df,False,,1,True
T_20260715_020604_756053_frame_000510.jpg,True,1280,720,True,49.875,True,139.028,False,False,81.285,False,288292cb038d26bf6aaec7a6faa8de2d7557462cf126b1fd1bb66baa6a8505ce,False,,1,True
T_20260715_020604_756053_frame_000540.jpg,True,1280,720,True,43.846,True,132.139,False,False,79.2,False,0b5a21ffbe1593ca67038639fdc65ff497c27a3f9a02fa937cd4db19e33b52ff,False,,1,True
T_20260715_020604_756053_frame_000570.jpg,True,1280,720,True,54.65,True,130.456,False,False,78.579,False,bd81cda3313238cb99fbc3b48c4c12eeb91cf4b887502f1359db943249f054ec,False,,1,True
T_20260715_020604_756053_frame_000600.jpg,True,1280,720,True,45.156,True,122.953,False,False,74.38,False,ed07175e1492a5d329b5e4d2f1c30720f7ce341ba434066544d189598c4de448,False,,1,True
T_20260715_020604_756053_frame_000630.jpg,True,1280,720,True,48.05,True,124.747,False,False,76.182,False,a65593b6b99cdee134a603fa613aa316f8ba535d60c09709a28081754112a935,False,,1,True
T_20260715_020604_756053_frame_000660.jpg,True,1280,720,True,47.65,True,133.856,False,False,78.102,False,0fb4f58bb07913074f09ba764d1defb967c1698628afa9fdf95afc9ff7cde57f,False,,1,True
T_20260715_020604_756053_frame_000690.jpg,True,1280,720,True,39.402,True,128.65,False,False,76.207,False,23eab4e70f0cf7fc107476f4381e621e5b290cae1837f71deb7bbd1d2c9aeffe,False,,1,True
T_20260715_020604_756053_frame_000720.jpg,True,1280,720,True,52.886,True,136.925,False,False,78.985,False,f115cc7f95457e0dbffb373511aae5e7cd38a27d0f0b9529c17839bc4dbc89eb,False,,1,True
T_20260715_020604_756053_frame_000750.jpg,True,1280,720,True,50.472,True,135.894,False,False,79.357,False,be77c7f10fefb74246b931ab8746a480f3bd3116ec14b1fa9a0b12c244b17222,False,,1,True
T_20260715_020604_756053_frame_000780.jpg,True,1280,720,True,51.525,True,133.451,False,False,77.871,False,2cdd3be0bb85093cd99d6d96c3695c223104778915a0aa8d44bd1b8b456f4aa7,False,,1,True
T_20260715_020711_333827_frame_000000.jpg,True,1280,720,True,58.33,True,138.246,False,False,80.904,False,e5a43355c3106e4e31fb9cecc100e316d276696a53894780afb6a9279da411c5,False,,1,True
T_20260715_020711_333827_frame_000030.jpg,True,1280,720,True,56.574,True,136.23,False,False,80.029,False,e6ea84d6b29d7c7a4c6590c24af3e8d6e0a15702d221562c889fef35b5253a51,False,,1,True
T_20260715_020711_333827_frame_000060.jpg,True,1280,720,True,51.407,True,132.59,False,False,77.256,False,351a43acd9a5b55b8a1e138b9f153308b4f7f21f96dfb1ae7b988f28413886b8,False,,1,True
T_20260715_020711_333827_frame_000090.jpg,True,1280,720,True,43.91,True,129.315,False,False,76.993,False,ff5b524d62fd4c36238a18b6d76e4bf9db3fd458e878022683e7ec7f44cdaf3e,False,,1,True
T_20260715_020711_333827_frame_000120.jpg,True,1280,720,True,42.339,True,128.008,False,False,77.917,False,ebfde52f6d9449e564ca84b085517347b1c1441843c3df44bac5abf9b1dd0769,False,,1,True
T_20260715_020711_333827_frame_000150.jpg,True,1280,720,True,47.687,True,126.033,False,False,77.343,False,8326a70d91069cb19a4aabea6caa6384f1141a8b3c95487f82356e73f52e3e03,False,,1,True
T_20260715_020711_333827_frame_000180.jpg,True,1280,720,True,50.469,True,130.673,False,False,76.881,False,f601d652514ae76445e5db80cb86d2e31deb903238e7cd2fe285da3ce551bd34,False,,1,True
T_20260715_020711_333827_frame_000210.jpg,True,1280,720,True,50.502,True,134.387,False,False,75.777,False,925a3aa396964dd233230118840f7196b702c7ca416745bbde5a51bb6d1a12c3,False,,1,True
T_20260715_020711_333827_frame_000240.jpg,True,1280,720,True,56.362,True,131.749,False,False,78.648,False,c9137542949ffbb2a8f5d53d98031c77a6e8a7072cb470a63ee3b8bfd812fa9c,False,,1,True
T_20260715_020711_333827_frame_000270.jpg,True,1280,720,True,53.055,True,131.898,False,False,78.923,False,426e727778b743ad8146835700d17af086c2ac15a18a94261d9e8fc59bb7d788,False,,1,True
T_20260715_020711_333827_frame_000300.jpg,True,1280,720,True,48.276,True,125.74,False,False,75.22,False,3fcb61580b4ae8469b1803adb2774c83ef024552a5d2c7a944b514f6ab1c9f9e,False,,1,True
T_20260715_020711_333827_frame_000330.jpg,True,1280,720,True,47.395,True,124.849,False,False,74.437,False,dad6375e460b8e2d702ca3c728c51d3a4926781374d5515827c37d5b4d38721a,False,,1,True
T_20260715_020711_333827_frame_000360.jpg,True,1280,720,True,39.562,True,124.106,False,False,77.076,False,2c0a61b2f1a229495d74c2b17c5d30ce34e94e53e3e2e10eee68b30b056e882d,False,,1,True
T_20260715_020711_333827_frame_000390.jpg,True,1280,720,True,48.065,True,137.454,False,False,81.114,False,80025f3632ad186a67077c57c41f7d1557c11ca5c7a8ea8a86ca7eabe651d791,False,,1,True
T_20260715_020711_333827_frame_000420.jpg,True,1280,720,True,53.761,True,135.518,False,False,78.327,False,a5dd9b782808fe3fa94b136b8b5f053073c2f8e777faf47ff6b02816c338b989,False,,1,True
T_20260715_020711_333827_frame_000450.jpg,True,1280,720,True,53.606,True,134.116,False,False,80.555,False,56017f26ee93393483decb1f6d100593255a0061c21ca7850ce04fd355ef1b92,False,,1,True
T_20260715_020711_333827_frame_000480.jpg,True,1280,720,True,53.017,True,130.336,False,False,79.926,False,823554d1bf2fdf2d87e22f64b452e2a290bfac7e193ca01f0583bc26396c0ec3,False,,1,True
T_20260715_020711_333827_frame_000510.jpg,True,1280,720,True,52.027,True,129.58,False,False,79.062,False,e1959aa116ae12c46c63b2b8f84d122417c9e4ebc98780d8f3a615fa4b7230b7,False,,1,True
T_20260715_020711_333827_frame_000540.jpg,True,1280,720,True,46.254,True,132.885,False,False,79.62,False,44558cd0f1ffc90dded182091923b78feb51efc47de2be806bf5e2cd4f760d2c,False,,1,True
T_20260715_020711_333827_frame_000570.jpg,True,1280,720,True,53.798,True,133.432,False,False,79.75,False,b232ea9598ef27e5ec851f7fe37f526a490d272aa060ab4c2d12fe1f9f072d4f,False,,1,True
T_20260715_020711_333827_frame_000600.jpg,True,1280,720,True,49.315,True,132.224,False,False,78.246,False,5f9fa38d88bf9d6975f4e9693d0194e9a5c7ffa697f48a1d2fcff5190f0679ce,False,,1,True
T_20260715_020711_333827_frame_000630.jpg,True,1280,720,True,52.846,True,133.596,False,False,78.454,False,3baebf47bc9f149568f38c84cf722f1d1bb2fd6b16965e56bfdcf0d5076dd13a,False,,1,True
T_20260715_020711_333827_frame_000660.jpg,True,1280,720,True,56.808,True,126.277,False,False,77.669,False,f43cd8a4c171965650647902202210d91b76f3ab84230337058b9b3eb7e0d6b9,False,,1,True
T_20260715_020711_333827_frame_000690.jpg,True,1280,720,True,49.158,True,132.017,False,False,78.834,False,4a93830d87f8e1ea7ce153f8bc82408554d766358073b62f868fe7af56544d46,False,,1,True
