image_name,label_file,box_count,marker_count,power_adapter_count,invalid_boxes,unknown_class_boxes,malformed_lines,duplicate_boxes,status,notes
T_20260712_195606_753667_frame_000000.jpg,,0,0,0,0,0,0,0,NO_LABEL_FILE,No YOLO label file. Valid only if image is intentionally empty.
T_20260712_195606_753667_frame_000030.jpg,,0,0,0,0,0,0,0,NO_LABEL_FILE,No YOLO label file. Valid only if image is intentionally empty.
T_20260712_195606_753667_frame_000060.jpg,,0,0,0,0,0,0,0,NO_LABEL_FILE,No YOLO label file. Valid only if image is intentionally empty.
T_20260712_195606_753667_frame_000090.jpg,,0,0,0,0,0,0,0,NO_LABEL_FILE,No YOLO label file. Valid only if image is intentionally empty.
T_20260712_195606_753667_frame_000180.jpg,,0,0,0,0,0,0,0,NO_LABEL_FILE,No YOLO label file. Valid only if image is intentionally empty.
T_20260712_195649_403972_frame_000030.jpg,T_20260712_195649_403972_frame_000030.txt,1,1,0,0,0,0,0,OK,
T_20260712_195649_403972_frame_000090.jpg,T_20260712_195649_403972_frame_000090.txt,1,1,0,0,0,0,0,OK,
T_20260712_195649_403972_frame_000120.jpg,T_20260712_195649_403972_frame_000120.txt,1,1,0,0,0,0,0,OK,
T_20260712_195649_403972_frame_000150.jpg,T_20260712_195649_403972_frame_000150.txt,1,1,0,0,0,0,0,OK,
T_20260712_195728_922976_frame_000000.jpg,T_20260712_195728_922976_frame_000000.txt,1,1,0,0,0,0,0,OK,
T_20260712_195728_922976_frame_000030.jpg,T_20260712_195728_922976_frame_000030.txt,1,1,0,0,0,0,0,OK,
T_20260712_195728_922976_frame_000060.jpg,T_20260712_195728_922976_frame_000060.txt,1,1,0,0,0,0,0,OK,
T_20260712_195728_922976_frame_000090.jpg,T_20260712_195728_922976_frame_000090.txt,1,1,0,0,0,0,0,OK,
T_20260712_195753_424095_frame_000000.jpg,T_20260712_195753_424095_frame_000000.txt,1,1,0,0,0,0,0,OK,
T_20260712_195753_424095_frame_000030.jpg,T_20260712_195753_424095_frame_000030.txt,1,1,0,0,0,0,0,OK,
T_20260712_195753_424095_frame_000060.jpg,T_20260712_195753_424095_frame_000060.txt,1,1,0,0,0,0,0,OK,
T_20260712_195753_424095_frame_000090.jpg,T_20260712_195753_424095_frame_000090.txt,1,1,0,0,0,0,0,OK,
T_20260712_195753_424095_frame_000120.jpg,T_20260712_195753_424095_frame_000120.txt,1,1,0,0,0,0,0,OK,
T_20260712_195837_322396_frame_000000.jpg,T_20260712_195837_322396_frame_000000.txt,1,1,0,0,0,0,0,OK,
T_20260712_195837_322396_frame_000030.jpg,T_20260712_195837_322396_frame_000030.txt,1,1,0,0,0,0,0,OK,
T_20260712_195837_322396_frame_000060.jpg,T_20260712_195837_322396_frame_000060.txt,1,1,0,0,0,0,0,OK,
T_20260712_195837_322396_frame_000090.jpg,T_20260712_195837_322396_frame_000090.txt,1,1,0,0,0,0,0,OK,
T_20260712_195837_322396_frame_000120.jpg,T_20260712_195837_322396_frame_000120.txt,1,1,0,0,0,0,0,OK,
T_20260712_195837_322396_frame_000180.jpg,T_20260712_195837_322396_frame_000180.txt,1,1,0,0,0,0,0,OK,
T_20260712_195933_076767_frame_000000.jpg,T_20260712_195933_076767_frame_000000.txt,1,1,0,0,0,0,0,OK,
T_20260712_195933_076767_frame_000030.jpg,T_20260712_195933_076767_frame_000030.txt,1,0,1,0,0,0,0,OK,
T_20260712_195933_076767_frame_000060.jpg,T_20260712_195933_076767_frame_000060.txt,1,0,1,0,0,0,0,OK,
T_20260712_195933_076767_frame_000090.jpg,T_20260712_195933_076767_frame_000090.txt,1,0,1,0,0,0,0,OK,
T_20260712_195933_076767_frame_000120.jpg,T_20260712_195933_076767_frame_000120.txt,1,0,1,0,0,0,0,OK,
T_20260712_200002_161235_frame_000000.jpg,T_20260712_200002_161235_frame_000000.txt,1,0,1,0,0,0,0,OK,
T_20260712_200002_161235_frame_000030.jpg,T_20260712_200002_161235_frame_000030.txt,1,0,1,0,0,0,0,OK,
T_20260712_200002_161235_frame_000060.jpg,T_20260712_200002_161235_frame_000060.txt,1,0,1,0,0,0,0,OK,
T_20260712_200002_161235_frame_000090.jpg,T_20260712_200002_161235_frame_000090.txt,1,0,1,0,0,0,0,OK,
T_20260712_200002_161235_frame_000150.jpg,T_20260712_200002_161235_frame_000150.txt,1,0,1,0,0,0,0,OK,
T_20260712_200033_240601_frame_000000.jpg,T_20260712_200033_240601_frame_000000.txt,1,0,1,0,0,0,0,OK,
T_20260712_200033_240601_frame_000030.jpg,T_20260712_200033_240601_frame_000030.txt,1,0,1,0,0,0,0,OK,
T_20260712_200033_240601_frame_000060.jpg,T_20260712_200033_240601_frame_000060.txt,1,0,1,0,0,0,0,OK,
T_20260712_200033_240601_frame_000090.jpg,T_20260712_200033_240601_frame_000090.txt,1,0,1,0,0,0,0,OK,
T_20260712_200033_240601_frame_000120.jpg,T_20260712_200033_240601_frame_000120.txt,1,0,1,0,0,0,0,OK,
T_20260712_200033_240601_frame_000150.jpg,T_20260712_200033_240601_frame_000150.txt,1,0,1,0,0,0,0,OK,
T_20260712_200051_593408_frame_000000.jpg,T_20260712_200051_593408_frame_000000.txt,1,0,1,0,0,0,0,OK,
T_20260712_200051_593408_frame_000030.jpg,T_20260712_200051_593408_frame_000030.txt,1,0,1,0,0,0,0,OK,
T_20260712_200051_593408_frame_000060.jpg,T_20260712_200051_593408_frame_000060.txt,1,0,1,0,0,0,0,OK,
T_20260712_200051_593408_frame_000090.jpg,T_20260712_200051_593408_frame_000090.txt,1,0,1,0,0,0,0,OK,
T_20260712_200051_593408_frame_000120.jpg,T_20260712_200051_593408_frame_000120.txt,1,0,1,0,0,0,0,OK,
T_20260712_200051_593408_frame_000150.jpg,T_20260712_200051_593408_frame_000150.txt,1,0,1,0,0,0,0,OK,
T_20260712_200051_593408_frame_000180.jpg,T_20260712_200051_593408_frame_000180.txt,1,0,1,0,0,0,0,OK,
T_20260712_200051_593408_frame_000210.jpg,T_20260712_200051_593408_frame_000210.txt,1,0,1,0,0,0,0,OK,
T_20260712_200051_593408_frame_000240.jpg,T_20260712_200051_593408_frame_000240.txt,1,0,1,0,0,0,0,OK,
T_20260712_200051_593408_frame_000300.jpg,T_20260712_200051_593408_frame_000300.txt,1,0,1,0,0,0,0,OK,
T_20260712_200051_593408_frame_000330.jpg,T_20260712_200051_593408_frame_000330.txt,1,0,1,0,0,0,0,OK,
T_20260712_200134_229147_frame_000030.jpg,T_20260712_200134_229147_frame_000030.txt,2,1,1,0,0,0,0,OK,
T_20260712_200134_229147_frame_000060.jpg,T_20260712_200134_229147_frame_000060.txt,2,1,1,0,0,0,0,OK,
T_20260712_200134_229147_frame_000090.jpg,T_20260712_200134_229147_frame_000090.txt,2,1,1,0,0,0,0,OK,
T_20260712_200134_229147_frame_000120.jpg,T_20260712_200134_229147_frame_000120.txt,2,1,1,0,0,0,0,OK,
T_20260712_200134_229147_frame_000150.jpg,T_20260712_200134_229147_frame_000150.txt,2,1,1,0,0,0,0,OK,
T_20260712_200134_229147_frame_000180.jpg,T_20260712_200134_229147_frame_000180.txt,2,1,1,0,0,0,0,OK,
T_20260712_200203_900296_frame_000000.jpg,T_20260712_200203_900296_frame_000000.txt,2,1,1,0,0,0,0,OK,
T_20260712_200203_900296_frame_000030.jpg,T_20260712_200203_900296_frame_000030.txt,2,1,1,0,0,0,0,OK,
T_20260712_200203_900296_frame_000060.jpg,T_20260712_200203_900296_frame_000060.txt,2,1,1,0,0,0,0,OK,
T_20260712_200203_900296_frame_000090.jpg,T_20260712_200203_900296_frame_000090.txt,2,1,1,0,0,0,0,OK,
T_20260712_200203_900296_frame_000120.jpg,T_20260712_200203_900296_frame_000120.txt,2,1,1,0,0,0,0,OK,
T_20260712_200203_900296_frame_000150.jpg,T_20260712_200203_900296_frame_000150.txt,2,1,1,0,0,0,0,OK,
T_20260712_200203_900296_frame_000180.jpg,T_20260712_200203_900296_frame_000180.txt,2,1,1,0,0,0,0,OK,
T_20260712_200241_482341_frame_000000.jpg,T_20260712_200241_482341_frame_000000.txt,2,1,1,0,0,0,0,OK,
T_20260712_200241_482341_frame_000030.jpg,T_20260712_200241_482341_frame_000030.txt,1,1,0,0,0,0,0,OK,
T_20260712_200241_482341_frame_000060.jpg,T_20260712_200241_482341_frame_000060.txt,1,1,0,0,0,0,0,OK,
T_20260712_200241_482341_frame_000090.jpg,T_20260712_200241_482341_frame_000090.txt,1,1,0,0,0,0,0,OK,
T_20260712_200241_482341_frame_000120.jpg,T_20260712_200241_482341_frame_000120.txt,1,1,0,0,0,0,0,OK,
T_20260712_200241_482341_frame_000150.jpg,T_20260712_200241_482341_frame_000150.txt,1,1,0,0,0,0,0,OK,
T_20260712_200241_482341_frame_000210.jpg,T_20260712_200241_482341_frame_000210.txt,1,1,0,0,0,0,0,OK,
T_20260712_200303_171698_frame_000000.jpg,T_20260712_200303_171698_frame_000000.txt,1,1,0,0,0,0,0,OK,
T_20260712_200303_171698_frame_000030.jpg,T_20260712_200303_171698_frame_000030.txt,1,0,1,0,0,0,0,OK,
T_20260712_200303_171698_frame_000060.jpg,T_20260712_200303_171698_frame_000060.txt,1,0,1,0,0,0,0,OK,
T_20260712_200303_171698_frame_000090.jpg,T_20260712_200303_171698_frame_000090.txt,1,0,1,0,0,0,0,OK,
T_20260712_200303_171698_frame_000120.jpg,T_20260712_200303_171698_frame_000120.txt,1,0,1,0,0,0,0,OK,
T_20260712_200303_171698_frame_000150.jpg,T_20260712_200303_171698_frame_000150.txt,1,0,1,0,0,0,0,OK,
T_20260712_200303_171698_frame_000240.jpg,T_20260712_200303_171698_frame_000240.txt,1,0,1,0,0,0,0,OK,
T_20260712_200303_171698_frame_000270.jpg,T_20260712_200303_171698_frame_000270.txt,1,0,1,0,0,0,0,OK,
T_20260712_200303_171698_frame_000360.jpg,T_20260712_200303_171698_frame_000360.txt,1,0,1,0,0,0,0,OK,
T_20260712_200303_171698_frame_000390.jpg,T_20260712_200303_171698_frame_000390.txt,1,0,1,0,0,0,0,OK,
T_20260712_200340_371645_frame_000000.jpg,T_20260712_200340_371645_frame_000000.txt,1,0,1,0,0,0,0,OK,
T_20260712_200340_371645_frame_000030.jpg,T_20260712_200340_371645_frame_000030.txt,2,1,1,0,0,0,0,OK,
T_20260712_200340_371645_frame_000060.jpg,T_20260712_200340_371645_frame_000060.txt,2,1,1,0,0,0,0,OK,
T_20260712_200340_371645_frame_000120.jpg,T_20260712_200340_371645_frame_000120.txt,2,1,1,0,0,0,0,OK,
T_20260712_200340_371645_frame_000180.jpg,T_20260712_200340_371645_frame_000180.txt,2,1,1,0,0,0,0,OK,
T_20260712_200340_371645_frame_000210.jpg,T_20260712_200340_371645_frame_000210.txt,2,1,1,0,0,0,0,OK,
T_20260712_200340_371645_frame_000240.jpg,T_20260712_200340_371645_frame_000240.txt,2,1,1,0,0,0,0,OK,
T_20260712_200340_371645_frame_000270.jpg,T_20260712_200340_371645_frame_000270.txt,2,1,1,0,0,0,0,OK,
T_20260712_200340_371645_frame_000300.jpg,T_20260712_200340_371645_frame_000300.txt,2,1,1,0,0,0,0,OK,
T_20260712_200340_371645_frame_000330.jpg,T_20260712_200340_371645_frame_000330.txt,2,1,1,0,0,0,0,OK,
T_20260712_200340_371645_frame_000360.jpg,T_20260712_200340_371645_frame_000360.txt,2,1,1,0,0,0,0,OK,
T_20260712_200340_371645_frame_000390.jpg,T_20260712_200340_371645_frame_000390.txt,2,1,1,0,0,0,0,OK,
T_20260712_200340_371645_frame_000420.jpg,T_20260712_200340_371645_frame_000420.txt,2,1,1,0,0,0,0,OK,
T_20260712_200340_371645_frame_000450.jpg,T_20260712_200340_371645_frame_000450.txt,2,1,1,0,0,0,0,OK,
T_20260712_200418_666396_frame_000000.jpg,T_20260712_200418_666396_frame_000000.txt,2,1,1,0,0,0,0,OK,
T_20260712_200418_666396_frame_000180.jpg,T_20260712_200418_666396_frame_000180.txt,2,1,1,0,0,0,0,OK,
T_20260712_200418_666396_frame_000210.jpg,T_20260712_200418_666396_frame_000210.txt,2,1,1,0,0,0,0,OK,
T_20260712_200418_666396_frame_000240.jpg,T_20260712_200418_666396_frame_000240.txt,2,1,1,0,0,0,0,OK,
T_20260712_200418_666396_frame_000270.jpg,T_20260712_200418_666396_frame_000270.txt,2,1,1,0,0,0,0,OK,
T_20260712_200418_666396_frame_000300.jpg,T_20260712_200418_666396_frame_000300.txt,2,1,1,0,0,0,0,OK,
T_20260712_200418_666396_frame_000330.jpg,T_20260712_200418_666396_frame_000330.txt,2,1,1,0,0,0,0,OK,
T_20260712_200418_666396_frame_000360.jpg,T_20260712_200418_666396_frame_000360.txt,2,1,1,0,0,0,0,OK,
T_20260712_200418_666396_frame_000390.jpg,T_20260712_200418_666396_frame_000390.txt,2,1,1,0,0,0,0,OK,
T_20260712_200418_666396_frame_000450.jpg,T_20260712_200418_666396_frame_000450.txt,2,1,1,0,0,0,0,OK,
T_20260712_200418_666396_frame_000600.jpg,T_20260712_200418_666396_frame_000600.txt,2,1,1,0,0,0,0,OK,
T_20260712_200418_666396_frame_000660.jpg,T_20260712_200418_666396_frame_000660.txt,2,1,1,0,0,0,0,OK,
T_20260712_200418_666396_frame_000720.jpg,T_20260712_200418_666396_frame_000720.txt,2,1,1,0,0,0,0,OK,
T_20260712_200418_666396_frame_000750.jpg,T_20260712_200418_666396_frame_000750.txt,2,1,1,0,0,0,0,OK,
T_20260712_200418_666396_frame_000780.jpg,T_20260712_200418_666396_frame_000780.txt,2,1,1,0,0,0,0,OK,
